participant_id,day,prompts,answers,sleep_hours,ema
1,1,11,3,5.1,1
1,2,11,3,8.7,0
1,3,11,3,10.2,1
1,4,12,4,6.4,1
1,5,11,1,8.7,1
1,6,11,2,8.8,1
1,7,12,2,9.5,1
1,8,13,2,10.3,0
1,9,11,3,9.2,1
1,10,12,2,10.3,0
1,11,13,4,7.2,0
1,12,12,2,10.5,1
1,13,12,2,5.1,0
1,14,10,2,6.2,1
1,15,9,3,6.9,0
1,16,12,1,9.8,1
1,17,12,2,4.9,0
1,18,12,1,5.5,0
1,19,11,1,5.5,0
1,20,11,2,9.6,0
1,21,12,3,4.8,0
1,22,14,2,8.9,0
1,23,12,2,9.1,1
1,24,11,2,4.7,0
1,25,13,2,9.8,1
1,26,11,1,5.6,1
1,27,13,3,4.5,1
1,28,12,3,10.0,1
1,29,14,2,9.9,0
1,30,12,2,10.4,1
2,1,10,3,7.8,0
2,2,11,3,6.4,0
2,3,12,2,5.0,0
2,4,11,3,7.1,0
2,5,11,2,7.9,0
2,6,11,2,9.1,1
2,7,10,3,7.6,1
2,8,10,1,9.2,0
2,9,11,1,7.9,0
2,10,10,1,5.2,1
2,11,9,3,6.9,1
2,12,10,1,9.0,1
2,13,12,2,7.1,1
2,14,11,2,6.5,0
2,15,10,3,5.4,1
2,16,12,2,5.3,1
2,17,13,3,7.8,1
2,18,10,5,8.7,1
2,19,10,5,10.4,1
2,20,12,2,5.1,1
2,21,9,3,9.0,0
2,22,9,2,10.1,0
2,23,12,2,7.1,1
2,24,9,4,10.2,0
2,25,12,3,6.6,1
2,26,11,3,5.0,0
2,27,10,2,7.5,1
2,28,10,1,10.4,0
2,29,12,5,5.9,1
2,30,11,4,6.4,0
3,1,11,1,9.1,0
3,2,9,2,8.9,0
3,3,11,2,10.1,0
3,4,11,4,5.9,1
3,5,11,4,4.7,1
3,6,9,0,10.5,0
3,7,10,4,8.9,0
3,8,10,2,5.4,1
3,9,10,1,8.3,0
3,10,10,4,9.5,0
3,11,9,5,9.8,1
3,12,11,2,8.7,1
3,13,10,1,8.0,1
3,14,11,1,6.9,0
3,15,11,2,8.7,0
3,16,11,2,7.0,0
3,17,11,5,5.1,1
3,18,11,3,6.2,1
3,19,9,3,5.8,0
3,20,11,3,9.2,0
3,21,11,3,10.2,1
3,22,11,4,7.0,0
3,23,10,2,7.9,1
3,24,11,8,9.5,0
3,25,10,4,7.8,1
3,26,11,4,9.9,1
3,27,10,3,9.5,0
3,28,11,3,6.5,1
3,29,10,5,6.3,1
3,30,11,5,5.8,1
4,1,12,1,4.7,1
4,2,12,0,8.6,0
4,3,12,3,8.2,1
4,4,11,1,6.1,0
4,5,12,2,4.9,1
4,6,10,1,8.1,0
4,7,11,2,5.7,1
4,8,12,1,9.4,0
4,9,13,1,9.0,1
4,10,12,1,6.5,0
4,11,12,1,4.9,1
4,12,14,0,9.2,1
4,13,12,1,6.5,1
4,14,13,1,8.0,1
4,15,11,2,8.2,0
4,16,14,4,10.5,1
4,17,13,2,8.5,1
4,18,12,2,8.5,1
4,19,12,2,6.2,1
4,20,12,3,6.7,0
4,21,12,2,9.4,0
4,22,13,4,8.6,0
4,23,12,2,9.8,1
4,24,13,2,5.3,0
4,25,13,3,8.8,1
4,26,12,4,8.3,1
4,27,13,3,6.4,0
4,28,13,1,5.0,1
4,29,12,0,8.1,0
4,30,13,4,9.5,1
5,1,12,0,10.3,0
5,2,11,1,6.6,1
5,3,13,2,6.1,1
5,4,12,1,4.9,0
5,5,14,0,4.7,1
5,6,12,2,6.7,0
5,7,12,1,7.3,0
5,8,12,1,6.7,0
5,9,14,3,10.5,1
5,10,12,3,6.1,1
5,11,12,2,5.1,0
5,12,11,1,6.9,0
5,13,13,3,7.1,1
5,14,12,2,7.6,0
5,15,12,1,10.1,0
5,16,12,4,8.8,0
5,17,13,2,9.3,1
5,18,13,2,5.6,0
5,19,11,2,5.0,0
5,20,12,3,5.4,0
5,21,13,3,4.5,1
5,22,12,4,7.1,0
5,23,11,0,7.7,0
5,24,14,1,9.3,0
5,25,10,1,8.2,0
5,26,11,3,5.9,0
5,27,12,1,8.2,0
5,28,13,2,5.7,1
5,29,13,3,6.6,1
5,30,11,2,8.1,0
6,1,12,5,8.7,0
6,2,11,7,7.6,0
6,3,10,7,4.8,1
6,4,8,8,8.1,1
6,5,11,7,5.6,0
6,6,12,5,9.1,1
6,7,12,9,7.3,0
6,8,11,5,7.9,1
6,9,12,5,9.0,1
6,10,8,6,6.5,1
6,11,11,5,6.8,1
6,12,10,7,7.1,0
6,13,11,8,5.5,0
6,14,11,7,8.5,0
6,15,14,7,6.4,1
6,16,14,7,5.3,1
6,17,12,3,6.9,0
6,18,13,6,7.3,0
6,19,11,4,5.9,0
6,20,10,3,8.9,0
6,21,11,7,8.9,0
6,22,12,6,6.5,0
6,23,14,9,9.6,0
6,24,11,5,6.3,0
6,25,9,7,10.3,0
6,26,11,4,8.3,0
6,27,12,8,5.3,1
6,28,12,7,7.1,0
6,29,10,7,9.9,1
6,30,12,6,9.2,1
7,1,12,5,10.4,1
7,2,11,3,9.2,1
7,3,11,3,8.8,0
7,4,9,3,10.0,1
7,5,10,5,8.9,0
7,6,11,6,5.9,0
7,7,10,4,10.6,0
7,8,10,1,10.0,0
7,9,12,4,9.2,1
7,10,13,7,6.3,0
7,11,11,8,6.1,1
7,12,12,5,8.8,0
7,13,12,6,8.0,0
7,14,11,3,9.1,1
7,15,11,5,6.9,1
7,16,11,5,5.4,0
7,17,13,1,5.7,0
7,18,10,2,6.4,1
7,19,12,1,9.8,1
7,20,12,6,5.0,0
7,21,12,5,8.0,0
7,22,11,2,8.0,0
7,23,11,3,10.0,0
7,24,11,6,5.0,0
7,25,12,7,7.0,0
7,26,11,6,5.6,0
7,27,10,4,10.6,1
7,28,10,6,6.4,0
7,29,11,5,8.6,1
7,30,10,6,5.4,0
8,1,8,6,9.7,0
8,2,10,4,7.6,0
8,3,11,6,9.9,1
8,4,10,8,7.4,1
8,5,10,7,6.2,1
8,6,12,7,8.5,1
8,7,10,6,8.2,0
8,8,13,8,8.5,0
8,9,10,8,9.2,0
8,10,12,5,8.3,1
8,11,10,8,6.7,1
8,12,10,10,7.9,1
8,13,9,6,9.4,0
8,14,8,7,5.4,0
8,15,10,10,9.4,1
8,16,10,8,6.5,0
8,17,10,6,8.0,1
8,18,11,7,8.3,0
8,19,11,8,9.1,0
8,20,10,7,5.5,1
8,21,10,8,7.6,1
8,22,10,7,5.6,0
8,23,10,7,9.0,1
8,24,9,3,8.3,0
8,25,9,6,9.1,0
8,26,10,7,6.8,0
8,27,11,5,7.0,0
8,28,10,7,10.3,1
8,29,9,10,5.7,0
8,30,12,7,6.1,1
9,1,13,6,4.5,1
9,2,13,7,9.3,0
9,3,12,5,8.3,1
9,4,11,5,7.8,1
9,5,13,5,5.5,0
9,6,11,5,8.1,1
9,7,12,6,8.3,1
9,8,14,6,5.8,1
9,9,11,7,7.6,0
9,10,14,4,10.0,1
9,11,12,5,9.7,1
9,12,14,3,6.5,1
9,13,13,5,8.7,1
9,14,11,1,8.5,0
9,15,12,5,7.3,1
9,16,12,5,8.8,1
9,17,11,2,8.0,1
9,18,12,6,9.1,0
9,19,14,6,7.2,1
9,20,12,7,10.0,1
9,21,11,3,9.1,1
9,22,13,5,6.4,0
9,23,12,6,8.1,0
9,24,11,5,8.0,1
9,25,13,5,7.1,1
9,26,11,4,9.8,1
9,27,11,5,7.4,0
9,28,15,5,5.4,0
9,29,11,5,5.7,1
9,30,10,7,8.1,0
10,1,13,3,6.2,1
10,2,6,1,7.2,0
10,3,9,4,8.0,1
10,4,11,2,4.7,0
10,5,11,5,7.4,0
10,6,10,5,6.6,0
10,7,9,4,5.8,0
10,8,8,3,8.0,0
10,9,7,4,10.0,1
10,10,11,4,7.7,1
10,11,9,0,8.6,0
10,12,13,3,9.2,0
10,13,9,4,9.5,1
10,14,9,3,9.4,1
10,15,8,4,10.3,0
10,16,13,2,9.3,1
10,17,11,4,8.9,0
10,18,9,4,7.2,0
10,19,10,4,8.0,0
10,20,8,4,5.3,0
10,21,8,4,5.9,1
10,22,8,3,8.0,1
10,23,7,4,6.8,0
10,24,11,3,5.0,1
10,25,8,2,7.2,0
10,26,7,4,9.6,1
10,27,10,4,5.0,1
10,28,10,4,6.8,0
10,29,10,6,8.3,0
10,30,10,4,5.0,0
11,1,14,3,10.6,0
11,2,13,5,7.3,0
11,3,14,3,9.5,1
11,4,12,6,7.1,1
11,5,15,8,8.2,0
11,6,12,5,5.5,1
11,7,12,8,7.7,1
11,8,13,8,6.4,1
11,9,12,9,6.1,1
11,10,12,5,8.7,1
11,11,13,6,6.6,0
11,12,13,6,5.2,1
11,13,13,4,7.7,1
11,14,12,5,5.9,0
11,15,11,7,5.1,0
11,16,12,5,5.9,1
11,17,12,3,6.6,0
11,18,12,5,10.1,0
11,19,12,7,9.9,0
11,20,12,5,8.2,0
11,21,13,8,6.5,1
11,22,12,8,7.7,0
11,23,13,5,8.0,1
11,24,13,4,7.4,1
11,25,12,6,5.1,0
11,26,12,6,5.8,0
11,27,13,8,7.0,0
11,28,13,4,7.1,0
11,29,11,8,9.9,1
11,30,12,6,5.2,1
12,1,11,3,6.4,0
12,2,13,3,7.0,0
12,3,9,1,10.1,1
12,4,14,3,8.9,1
12,5,12,2,7.0,1
12,6,9,1,9.1,1
12,7,12,3,4.7,0
12,8,10,5,5.4,0
12,9,10,1,6.5,1
12,10,12,3,9.0,0
12,11,12,4,8.7,1
12,12,14,0,7.7,0
12,13,12,3,7.7,1
12,14,12,2,10.2,1
12,15,13,2,5.5,1
12,16,12,3,9.2,0
12,17,14,1,8.1,1
12,18,10,1,6.4,0
12,19,11,1,7.8,1
12,20,11,4,6.5,1
12,21,13,2,9.6,1
12,22,9,1,7.9,1
12,23,13,1,5.8,0
12,24,14,2,7.0,1
12,25,11,3,9.5,0
12,26,11,2,7.1,0
12,27,13,1,9.0,0
12,28,10,1,7.0,1
12,29,9,0,7.2,1
12,30,14,5,9.5,0
13,1,10,6,9.9,0
13,2,9,6,6.0,1
13,3,12,4,6.7,1
13,4,9,6,9.8,1
13,5,13,5,4.7,1
13,6,12,3,6.5,1
13,7,11,4,7.7,0
13,8,12,5,5.5,0
13,9,12,3,7.8,0
13,10,14,3,5.4,0
13,11,11,5,9.5,1
13,12,10,2,6.1,1
13,13,10,3,6.7,0
13,14,14,4,4.5,1
13,15,11,4,8.6,1
13,16,10,4,6.2,1
13,17,10,4,6.1,1
13,18,12,5,9.8,0
13,19,9,3,10.1,0
13,20,11,3,4.9,0
13,21,9,4,5.7,1
13,22,10,2,5.3,0
13,23,12,3,5.0,1
13,24,12,4,9.3,0
13,25,10,4,7.9,1
13,26,12,2,9.3,1
13,27,11,4,5.1,1
13,28,9,7,9.2,0
13,29,11,5,8.9,1
13,30,13,2,10.0,1
14,1,11,3,4.8,1
14,2,11,1,7.0,0
14,3,11,4,10.2,1
14,4,10,2,8.3,0
14,5,11,0,5.0,1
14,6,11,3,4.6,1
14,7,10,1,8.3,1
14,8,11,3,5.8,1
14,9,12,3,7.6,0
14,10,10,2,4.6,0
14,11,10,1,7.0,0
14,12,12,4,9.1,1
14,13,10,1,7.2,0
14,14,11,1,6.2,0
14,15,12,0,9.1,0
14,16,11,4,6.1,1
14,17,11,1,5.4,1
14,18,11,3,9.6,1
14,19,10,2,7.7,0
14,20,10,5,5.9,1
14,21,9,2,4.9,1
14,22,10,2,5.2,1
14,23,11,2,7.1,0
14,24,9,4,9.2,0
14,25,11,3,5.5,0
14,26,12,2,8.1,0
14,27,11,5,7.9,1
14,28,10,3,6.7,1
14,29,12,3,8.6,1
14,30,9,1,9.7,0
15,1,11,6,7.7,1
15,2,9,7,10.4,0
15,3,8,6,7.1,0
15,4,10,7,8.2,1
15,5,13,5,4.6,0
15,6,8,5,5.7,0
15,7,10,5,9.5,1
15,8,11,9,5.1,0
15,9,14,7,7.2,0
15,10,10,5,8.6,0
15,11,11,8,8.8,1
15,12,10,6,7.2,0
15,13,10,6,10.0,0
15,14,9,6,10.0,0
15,15,10,6,10.2,1
15,16,10,8,5.1,1
15,17,9,6,6.7,1
15,18,10,8,6.0,1
15,19,11,7,7.5,1
15,20,10,5,7.7,0
15,21,12,6,8.0,0
15,22,9,7,7.0,0
15,23,10,7,6.6,1
15,24,10,6,9.7,1
15,25,4,6,8.8,1
15,26,9,6,8.7,1
15,27,12,7,8.4,0
15,28,9,7,8.3,0
15,29,8,5,9.0,0
15,30,10,5,6.6,0
16,1,14,8,7.1,1
16,2,11,6,10.4,1
16,3,12,7,9.9,0
16,4,10,6,9.0,0
16,5,10,5,6.3,1
16,6,12,6,6.0,0
16,7,12,5,5.9,0
16,8,11,5,7.3,1
16,9,12,5,5.7,1
16,10,14,5,8.8,1
16,11,14,5,8.2,0
16,12,13,7,9.9,0
16,13,14,8,7.5,0
16,14,13,6,9.5,0
16,15,16,5,10.6,1
16,16,13,7,6.4,1
16,17,14,8,7.7,1
16,18,15,7,4.6,0
16,19,14,8,6.2,1
16,20,14,8,5.1,1
16,21,10,4,6.0,1
16,22,12,8,6.3,0
16,23,13,5,6.4,1
16,24,12,7,9.0,1
16,25,15,7,7.2,0
16,26,11,6,7.8,1
16,27,10,8,5.3,1
16,28,10,5,7.2,0
16,29,11,6,10.6,0
16,30,13,7,9.8,1
17,1,9,10,6.5,0
17,2,8,10,10.1,1
17,3,8,9,6.8,1
17,4,11,10,9.3,1
17,5,8,9,7.6,0
17,6,9,10,7.5,0
17,7,8,10,8.7,0
17,8,8,10,7.9,0
17,9,11,7,9.2,0
17,10,14,11,6.7,1
17,11,12,10,5.5,0
17,12,11,10,8.2,1
17,13,9,8,7.5,0
17,14,11,6,10.4,1
17,15,11,11,9.9,1
17,16,10,10,4.7,1
17,17,11,10,4.6,0
17,18,9,10,8.5,1
17,19,11,9,6.3,1
17,20,8,10,7.3,0
17,21,9,11,6.9,1
17,22,9,7,7.4,0
17,23,6,9,5.7,1
17,24,12,11,5.8,0
17,25,10,8,7.6,0
17,26,12,9,9.8,0
17,27,9,10,7.6,1
17,28,9,8,5.0,0
17,29,9,8,5.2,0
17,30,13,10,10.1,1
18,1,10,7,8.0,0
18,2,12,3,7.6,0
18,3,10,3,5.2,1
18,4,11,3,4.9,1
18,5,10,5,8.6,1
18,6,14,4,6.4,0
18,7,12,2,5.8,1
18,8,10,4,6.8,1
18,9,10,3,6.5,0
18,10,12,4,6.0,0
18,11,11,3,10.3,1
18,12,12,4,9.2,0
18,13,11,4,4.8,0
18,14,11,3,7.0,1
18,15,12,4,6.2,1
18,16,10,1,6.1,0
18,17,10,4,7.5,1
18,18,10,5,8.0,1
18,19,11,5,9.5,0
18,20,12,4,8.1,0
18,21,11,2,5.8,1
18,22,12,7,6.2,0
18,23,10,5,4.7,1
18,24,14,3,6.3,0
18,25,12,5,6.2,0
18,26,12,4,8.7,1
18,27,13,4,9.9,0
18,28,11,3,9.6,1
18,29,12,4,10.3,1
18,30,11,4,6.2,0
19,1,10,3,5.4,1
19,2,9,4,9.0,1
19,3,11,5,7.4,0
19,4,11,3,8.7,0
19,5,11,4,4.9,1
19,6,10,4,8.7,1
19,7,9,2,9.3,1
19,8,9,4,4.9,1
19,9,9,4,7.8,0
19,10,12,4,9.5,0
19,11,9,4,8.2,1
19,12,8,4,10.0,1
19,13,10,3,9.7,0
19,14,9,3,5.6,0
19,15,10,3,9.3,1
19,16,11,2,10.5,0
19,17,9,4,5.8,0
19,18,10,2,6.1,1
19,19,10,5,5.7,1
19,20,11,3,6.0,1
19,21,9,3,8.1,1
19,22,10,2,5.2,1
19,23,9,7,6.0,1
19,24,11,7,6.9,1
19,25,10,6,4.6,1
19,26,10,5,9.6,0
19,27,9,3,7.3,1
19,28,10,7,4.6,0
19,29,11,4,4.7,1
19,30,13,4,7.6,0
20,1,8,2,9.2,1
20,2,8,2,6.9,0
20,3,9,4,10.5,0
20,4,10,4,6.3,0
20,5,10,4,8.3,1
20,6,9,0,5.8,1
20,7,9,2,5.4,1
20,8,10,2,8.8,0
20,9,9,3,9.5,1
20,10,10,2,9.5,0
20,11,13,3,8.0,1
20,12,9,1,7.9,1
20,13,11,2,10.2,1
20,14,10,2,8.0,0
20,15,10,1,8.3,0
20,16,10,2,10.6,1
20,17,9,1,6.3,0
20,18,8,2,7.3,0
20,19,9,0,6.6,0
20,20,10,2,10.4,1
20,21,8,2,10.0,0
20,22,9,2,10.4,0
20,23,11,3,5.0,1
20,24,9,3,9.5,1
20,25,8,0,6.2,1
20,26,9,2,8.8,0
20,27,10,3,4.7,1
20,28,9,0,6.0,1
20,29,9,3,6.7,1
20,30,8,2,8.4,0
21,1,13,8,8.0,0
21,2,10,3,6.3,1
21,3,11,8,6.2,0
21,4,10,9,6.6,0
21,5,13,3,7.8,0
21,6,12,8,9.1,0
21,7,9,7,5.2,1
21,8,10,5,8.3,1
21,9,11,5,10.1,0
21,10,13,5,8.2,1
21,11,12,6,10.5,1
21,12,14,2,10.5,0
21,13,12,7,7.0,1
21,14,12,7,6.5,0
21,15,11,8,7.4,1
21,16,10,5,9.1,1
21,17,10,6,8.9,0
21,18,12,6,8.0,1
21,19,10,10,8.0,0
21,20,12,9,6.3,1
21,21,11,7,9.8,1
21,22,11,5,5.7,1
21,23,13,8,10.6,1
21,24,14,4,4.9,0
21,25,13,6,4.5,1
21,26,13,6,4.5,0
21,27,11,9,10.6,1
21,28,11,6,5.3,0
21,29,12,8,8.7,0
21,30,15,7,7.9,1
22,1,9,4,7.1,1
22,2,9,4,6.6,0
22,3,12,2,4.5,0
22,4,7,4,9.0,1
22,5,12,4,9.5,1
22,6,8,4,9.9,1
22,7,7,2,9.9,0
22,8,8,4,10.5,0
22,9,8,3,5.9,0
22,10,7,4,6.3,1
22,11,10,2,5.9,0
22,12,8,3,5.2,1
22,13,9,4,10.5,0
22,14,10,2,6.7,1
22,15,8,5,8.6,0
22,16,9,3,6.8,0
22,17,8,3,8.9,0
22,18,9,4,10.0,0
22,19,9,2,9.7,1
22,20,6,3,4.7,1
22,21,10,4,6.8,1
22,22,7,3,9.1,1
22,23,8,1,7.1,1
22,24,13,4,8.3,0
22,25,10,3,6.3,1
22,26,8,3,5.9,1
22,27,12,4,6.8,1
22,28,8,3,8.6,0
22,29,9,4,9.1,0
22,30,13,2,6.3,1
23,1,11,4,7.0,0
23,2,11,5,5.5,1
23,3,10,3,9.0,0
23,4,13,5,8.7,0
23,5,14,4,7.6,1
23,6,9,6,6.1,1
23,7,12,7,6.5,0
23,8,11,6,6.9,1
23,9,12,5,7.2,0
23,10,12,4,10.1,1
23,11,13,5,9.1,0
23,12,13,4,9.6,0
23,13,11,5,9.7,0
23,14,10,7,9.8,0
23,15,16,4,5.3,0
23,16,11,6,9.1,1
23,17,11,4,6.1,0
23,18,12,5,8.5,0
23,19,14,1,4.6,1
23,20,14,3,5.1,1
23,21,12,5,5.5,0
23,22,10,4,10.3,1
23,23,11,5,9.2,1
23,24,13,5,4.9,0
23,25,12,4,7.5,1
23,26,9,3,9.9,0
23,27,16,6,5.1,1
23,28,11,7,8.3,1
23,29,8,4,5.9,0
23,30,12,3,6.9,0
24,1,8,1,5.7,0
24,2,9,2,4.7,1
24,3,8,1,6.8,0
24,4,9,0,6.0,0
24,5,10,0,7.9,1
24,6,8,1,7.1,1
24,7,7,0,6.5,0
24,8,9,1,5.4,0
24,9,9,1,7.9,1
24,10,10,1,5.8,1
24,11,10,3,9.2,0
24,12,8,1,4.6,1
24,13,9,1,8.2,1
24,14,8,0,4.5,1
24,15,6,0,6.8,0
24,16,10,2,6.1,0
24,17,11,1,6.2,0
24,18,7,2,5.3,1
24,19,10,1,8.4,1
24,20,9,0,6.3,1
24,21,9,1,5.3,0
24,22,12,1,8.2,1
24,23,10,2,8.3,0
24,24,9,3,9.3,1
24,25,10,1,7.0,1
24,26,9,0,5.6,0
24,27,8,1,4.8,1
24,28,10,1,8.9,0
24,29,7,1,10.1,1
24,30,8,1,9.1,1
25,1,12,0,6.7,0
25,2,12,1,6.3,1
25,3,13,1,9.2,0
25,4,11,1,8.3,0
25,5,10,4,8.0,1
25,6,10,0,7.1,0
25,7,12,1,4.8,1
25,8,10,1,6.7,1
25,9,11,1,9.3,1
25,10,9,2,10.4,1
25,11,12,2,5.1,1
25,12,11,0,5.3,0
25,13,11,1,5.8,1
25,14,9,0,7.7,1
25,15,15,1,10.0,0
25,16,12,0,6.4,1
25,17,13,0,8.1,1
25,18,13,1,5.3,0
25,19,12,2,6.7,1
25,20,13,0,9.8,1
25,21,15,1,5.6,1
25,22,11,1,4.8,0
25,23,10,2,7.0,1
25,24,13,1,10.1,1
25,25,15,0,5.7,1
25,26,14,2,7.1,1
25,27,15,2,9.3,1
25,28,11,1,8.2,1
25,29,13,0,9.1,1
25,30,13,0,10.2,0
26,1,12,4,7.0,0
26,2,14,3,8.9,1
26,3,12,2,5.0,0
26,4,12,1,9.6,1
26,5,12,6,6.8,1
26,6,9,0,7.7,0
26,7,12,2,8.1,1
26,8,13,4,9.9,0
26,9,14,6,4.9,1
26,10,11,6,8.2,0
26,11,15,5,8.7,1
26,12,12,4,7.4,1
26,13,14,4,4.7,0
26,14,14,5,10.4,0
26,15,12,6,9.8,1
26,16,11,1,5.8,1
26,17,13,1,7.9,1
26,18,10,3,8.8,0
26,19,12,4,8.6,0
26,20,14,7,5.0,1
26,21,13,3,10.3,1
26,22,15,1,9.9,1
26,23,12,5,6.9,0
26,24,10,5,4.7,0
26,25,11,6,8.2,1
26,26,11,4,5.7,0
26,27,13,2,5.0,1
26,28,12,3,7.5,0
26,29,13,4,4.7,0
26,30,12,2,8.4,1
27,1,11,6,5.0,1
27,2,12,6,10.5,1
27,3,12,7,6.4,1
27,4,9,8,5.0,0
27,5,15,5,9.7,0
27,6,10,4,9.7,1
27,7,13,7,9.8,0
27,8,14,8,4.6,0
27,9,10,4,5.2,0
27,10,9,7,9.1,0
27,11,16,9,9.6,1
27,12,14,7,10.3,1
27,13,12,4,6.2,1
27,14,15,6,7.8,1
27,15,14,7,10.4,0
27,16,12,5,10.4,0
27,17,15,8,6.3,0
27,18,11,7,6.3,0
27,19,14,4,7.2,1
27,20,10,6,6.6,0
27,21,14,8,5.6,1
27,22,10,7,8.0,1
27,23,11,5,4.8,0
27,24,14,8,5.4,0
27,25,14,7,5.0,0
27,26,13,8,9.4,1
27,27,11,7,10.2,0
27,28,14,5,7.6,0
27,29,12,5,7.6,1
27,30,10,3,5.9,0
28,1,12,2,9.0,1
28,2,10,2,7.2,0
28,3,11,0,4.5,0
28,4,11,1,5.7,1
28,5,11,2,5.3,0
28,6,13,1,6.5,0
28,7,12,0,4.9,1
28,8,12,1,5.0,0
28,9,9,1,6.3,0
28,10,10,0,5.9,1
28,11,11,1,7.1,1
28,12,11,2,7.8,1
28,13,11,1,10.2,1
28,14,10,0,8.3,1
28,15,10,0,8.2,0
28,16,9,1,6.0,1
28,17,9,2,10.0,0
28,18,10,1,5.7,1
28,19,10,0,5.6,1
28,20,10,1,5.7,0
28,21,11,1,9.8,1
28,22,12,2,9.0,0
28,23,12,3,7.1,1
28,24,11,2,9.8,1
28,25,10,2,10.5,1
28,26,11,2,6.6,1
28,27,12,2,6.8,1
28,28,10,3,4.7,1
28,29,11,1,6.6,0
28,30,12,0,5.8,1
29,1,12,1,4.7,0
29,2,10,3,7.3,1
29,3,9,3,4.9,0
29,4,10,2,6.9,1
29,5,9,1,5.3,0
29,6,8,1,5.8,0
29,7,11,1,7.3,0
29,8,10,2,7.1,0
29,9,9,3,6.1,1
29,10,8,1,7.4,0
29,11,9,2,9.8,0
29,12,9,1,6.2,0
29,13,9,2,5.2,1
29,14,10,2,10.0,1
29,15,12,0,10.3,1
29,16,9,1,4.7,1
29,17,9,1,7.7,0
29,18,8,2,5.3,0
29,19,11,3,6.9,1
29,20,9,2,7.8,1
29,21,8,3,6.7,0
29,22,12,2,10.0,0
29,23,8,2,7.9,1
29,24,9,3,8.6,0
29,25,9,2,7.6,0
29,26,8,2,7.5,1
29,27,10,2,6.9,1
29,28,10,1,10.4,0
29,29,11,1,6.0,0
29,30,9,2,9.1,0
30,1,13,1,5.9,0
30,2,13,0,10.4,0
30,3,14,2,5.3,1
30,4,11,2,9.0,0
30,5,12,2,9.5,0
30,6,13,1,9.1,0
30,7,12,2,7.5,0
30,8,14,1,9.6,1
30,9,11,0,6.0,0
30,10,14,1,8.9,1
30,11,13,2,8.3,1
30,12,13,2,6.5,0
30,13,13,1,7.1,1
30,14,13,2,5.8,1
30,15,11,0,8.3,0
30,16,14,2,10.1,0
30,17,12,2,5.2,1
30,18,12,1,10.0,0
30,19,12,3,4.8,0
30,20,11,1,6.1,1
30,21,11,3,9.3,0
30,22,12,3,10.1,1
30,23,13,0,9.3,1
30,24,12,0,9.3,0
30,25,13,2,8.2,1
30,26,13,0,5.6,1
30,27,13,0,9.6,0
30,28,14,2,7.9,0
30,29,12,2,8.1,0
30,30,14,1,10.3,0
31,1,13,5,8.0,0
31,2,9,4,4.7,0
31,3,7,6,4.7,1
31,4,9,6,8.4,1
31,5,6,6,7.6,0
31,6,2,3,8.7,1
31,7,8,5,9.3,0
31,8,8,2,10.3,1
31,9,8,6,7.7,0
31,10,9,5,6.1,0
31,11,6,6,9.7,0
31,12,11,6,5.9,0
31,13,10,6,5.9,1
31,14,9,6,7.2,0
31,15,14,4,5.3,1
31,16,7,2,4.6,0
31,17,7,4,4.8,1
31,18,6,4,7.0,0
31,19,9,5,9.0,1
31,20,7,3,6.4,0
31,21,4,5,5.5,1
31,22,12,4,10.6,0
31,23,10,7,6.9,1
31,24,6,6,5.8,1
31,25,7,7,7.1,0
31,26,12,5,6.3,1
31,27,12,7,7.6,0
31,28,11,2,9.3,1
31,29,9,5,8.4,1
31,30,14,5,8.7,1
32,1,12,9,5.6,0
32,2,9,9,5.6,0
32,3,10,10,6.3,0
32,4,12,8,9.3,1
32,5,10,10,6.7,1
32,6,12,7,9.8,1
32,7,10,7,9.3,0
32,8,12,8,5.4,0
32,9,9,7,9.4,1
32,10,12,11,4.6,1
32,11,10,9,6.2,1
32,12,10,8,5.7,1
32,13,11,10,6.7,1
32,14,9,7,10.1,0
32,15,11,8,9.5,1
32,16,12,7,8.5,1
32,17,11,10,7.5,1
32,18,13,9,5.2,1
32,19,12,10,8.2,1
32,20,13,8,10.0,0
32,21,11,7,5.3,1
32,22,11,10,7.3,1
32,23,13,6,8.9,0
32,24,10,9,7.2,0
32,25,9,8,7.3,1
32,26,12,8,8.9,1
32,27,9,6,8.8,1
32,28,10,10,5.4,1
32,29,14,8,6.4,0
32,30,11,9,7.3,0
33,1,12,1,5.2,0
33,2,11,4,9.7,1
33,3,8,3,8.2,0
33,4,7,3,5.3,1
33,5,8,4,10.0,0
33,6,12,4,10.3,0
33,7,9,4,8.8,0
33,8,10,4,7.6,1
33,9,7,4,6.4,1
33,10,9,4,10.0,0
33,11,10,0,7.7,0
33,12,11,3,6.2,1
33,13,4,3,5.7,1
33,14,10,4,6.3,0
33,15,7,4,7.1,1
33,16,9,5,6.6,1
33,17,9,2,6.9,0
33,18,10,3,10.3,1
33,19,9,2,6.5,1
33,20,11,3,10.0,0
33,21,6,2,4.8,0
33,22,7,4,8.3,1
33,23,9,5,10.3,0
33,24,10,4,9.9,0
33,25,10,4,9.2,0
33,26,10,4,8.0,1
33,27,9,2,9.5,0
33,28,8,4,7.8,1
33,29,9,4,5.1,1
33,30,8,4,7.6,1
34,1,9,6,5.9,1
34,2,11,4,5.2,1
34,3,13,6,7.4,1
34,4,12,7,8.2,1
34,5,14,4,8.7,1
34,6,12,6,8.7,0
34,7,14,5,9.7,1
34,8,15,7,9.8,0
34,9,8,5,8.3,0
34,10,14,3,9.3,0
34,11,9,7,9.1,1
34,12,9,5,5.9,1
34,13,14,5,7.7,0
34,14,10,6,5.4,0
34,15,13,7,9.1,0
34,16,13,8,8.3,1
34,17,14,7,10.1,1
34,18,10,4,7.6,1
34,19,12,7,6.6,0
34,20,10,2,9.2,1
34,21,14,6,9.3,1
34,22,9,5,8.6,1
34,23,12,6,5.5,1
34,24,11,5,8.0,1
34,25,14,2,6.3,1
34,26,12,4,4.9,1
34,27,14,5,9.5,1
34,28,13,7,4.7,1
34,29,12,5,8.7,1
34,30,14,4,6.9,1
35,1,8,4,10.3,1
35,2,9,1,8.9,1
35,3,12,1,4.7,0
35,4,8,2,8.2,0
35,5,10,1,5.2,0
35,6,12,1,6.0,1
35,7,11,4,8.8,0
35,8,10,3,9.9,1
35,9,9,3,9.2,0
35,10,10,3,5.7,0
35,11,10,4,7.2,1
35,12,11,1,9.2,1
35,13,8,3,5.4,1
35,14,10,3,9.3,0
35,15,12,2,6.7,0
35,16,10,3,8.9,0
35,17,10,5,5.1,1
35,18,11,4,9.6,0
35,19,10,4,7.9,0
35,20,11,2,10.1,0
35,21,8,4,10.6,1
35,22,9,2,5.1,1
35,23,8,2,8.8,0
35,24,10,4,5.8,1
35,25,12,1,6.7,0
35,26,12,3,7.2,1
35,27,10,2,8.6,0
35,28,8,3,8.2,1
35,29,8,3,7.9,0
35,30,5,3,4.9,0
36,1,12,3,6.3,0
36,2,9,3,7.7,0
36,3,10,2,9.7,1
36,4,10,3,8.1,1
36,5,10,4,4.8,0
36,6,13,4,10.2,0
36,7,10,4,10.3,1
36,8,11,2,9.0,0
36,9,10,2,9.6,0
36,10,11,4,5.2,1
36,11,11,4,5.0,1
36,12,13,3,8.5,1
36,13,10,1,8.6,0
36,14,11,5,5.5,0
36,15,11,4,5.4,1
36,16,10,3,8.8,1
36,17,10,4,8.1,1
36,18,11,4,9.7,0
36,19,9,2,7.2,1
36,20,12,3,9.2,0
36,21,11,3,9.7,1
36,22,12,2,4.6,1
36,23,12,3,5.4,0
36,24,10,3,10.3,1
36,25,11,3,10.5,1
36,26,9,4,10.2,0
36,27,9,3,9.0,0
36,28,9,3,9.5,0
36,29,11,3,8.3,0
36,30,12,2,5.5,0
37,1,12,5,9.1,0
37,2,13,4,9.2,1
37,3,6,5,10.2,0
37,4,10,4,9.0,0
37,5,11,4,7.5,0
37,6,10,6,8.3,1
37,7,11,5,7.4,0
37,8,9,6,6.4,1
37,9,8,5,8.1,1
37,10,5,7,6.8,1
37,11,11,6,8.3,0
37,12,12,5,10.2,1
37,13,10,6,8.6,1
37,14,10,6,8.8,0
37,15,9,7,8.0,0
37,16,7,6,5.0,0
37,17,8,5,9.4,1
37,18,10,6,6.6,1
37,19,13,6,6.7,1
37,20,10,4,6.3,1
37,21,7,6,8.3,1
37,22,9,6,9.2,0
37,23,10,7,5.1,0
37,24,10,6,6.5,1
37,25,15,5,6.1,0
37,26,9,4,6.3,1
37,27,12,6,10.0,1
37,28,14,5,8.9,0
37,29,7,6,8.6,1
37,30,13,5,6.4,0
38,1,13,7,10.2,1
38,2,13,9,10.3,1
38,3,14,5,5.6,0
38,4,13,9,6.7,1
38,5,13,7,6.0,1
38,6,12,4,5.3,0
38,7,13,8,6.2,1
38,8,11,8,8.0,1
38,9,12,8,6.5,0
38,10,13,7,9.0,0
38,11,14,7,7.8,0
38,12,12,4,10.2,0
38,13,13,8,8.8,1
38,14,13,6,8.8,0
38,15,13,7,8.8,1
38,16,13,5,5.2,1
38,17,12,8,9.4,1
38,18,12,5,7.3,0
38,19,14,10,9.3,0
38,20,13,8,4.6,1
38,21,13,7,6.6,1
38,22,14,8,8.4,0
38,23,12,7,6.9,1
38,24,12,4,9.4,0
38,25,12,6,7.2,1
38,26,13,6,6.0,1
38,27,12,6,7.6,1
38,28,13,5,10.1,1
38,29,13,8,5.3,0
38,30,13,4,4.6,0
39,1,12,2,8.5,0
39,2,8,1,6.2,0
39,3,10,2,6.2,1
39,4,10,2,8.1,0
39,5,7,2,5.8,0
39,6,10,1,8.2,1
39,7,10,2,6.1,0
39,8,11,2,9.3,0
39,9,11,2,6.1,0
39,10,8,1,6.6,1
39,11,11,3,10.3,0
39,12,8,2,6.5,0
39,13,11,1,7.2,1
39,14,8,2,10.0,0
39,15,12,2,6.1,0
39,16,8,2,9.7,1
39,17,10,3,5.3,1
39,18,9,1,9.5,1
39,19,9,1,8.5,1
39,20,13,2,10.4,1
39,21,8,2,5.8,1
39,22,10,2,5.1,1
39,23,8,0,6.5,0
39,24,7,2,4.8,0
39,25,12,2,7.6,0
39,26,12,1,5.0,1
39,27,8,0,4.8,1
39,28,6,0,9.6,1
39,29,9,1,5.5,0
39,30,12,2,9.1,0
40,1,9,3,8.6,0
40,2,11,2,10.1,1
40,3,11,2,7.7,1
40,4,11,3,5.5,1
40,5,9,3,4.9,0
40,6,9,3,8.3,0
40,7,13,3,6.3,0
40,8,6,3,6.2,0
40,9,12,2,10.6,0
40,10,13,3,5.1,1
40,11,9,1,6.7,0
40,12,10,4,8.6,1
40,13,11,2,4.6,0
40,14,10,2,7.0,0
40,15,10,1,5.0,1
40,16,11,1,5.9,1
40,17,7,3,6.9,1
40,18,7,7,7.2,0
40,19,6,1,9.4,0
40,20,12,5,9.7,0
40,21,10,3,4.6,1
40,22,12,6,9.6,0
40,23,11,3,6.8,1
40,24,12,2,5.5,1
40,25,7,3,6.0,0
40,26,8,2,6.4,1
40,27,8,4,8.2,0
40,28,9,2,6.0,1
40,29,10,3,6.2,0
40,30,13,3,8.5,1
41,1,11,4,10.5,1
41,2,10,2,4.7,1
41,3,7,3,8.7,0
41,4,10,4,7.4,1
41,5,8,1,5.8,1
41,6,8,3,9.1,1
41,7,13,2,7.1,1
41,8,9,2,7.5,1
41,9,12,2,7.2,1
41,10,9,3,7.4,0
41,11,11,2,5.5,0
41,12,14,2,4.6,1
41,13,10,1,4.8,1
41,14,8,2,7.9,1
41,15,11,3,6.7,1
41,16,12,5,8.1,1
41,17,9,3,9.3,0
41,18,10,2,8.9,1
41,19,10,4,8.7,1
41,20,9,3,8.0,0
41,21,15,1,10.3,0
41,22,7,3,6.5,1
41,23,10,1,6.0,0
41,24,10,5,9.1,0
41,25,6,3,6.6,0
41,26,10,2,7.9,0
41,27,10,3,10.2,0
41,28,12,3,10.1,0
41,29,8,2,8.7,0
41,30,11,2,8.9,0
42,1,11,5,5.2,0
42,2,11,3,6.4,1
42,3,10,4,10.6,0
42,4,10,2,9.9,1
42,5,9,4,10.3,1
42,6,11,4,8.6,1
42,7,9,5,7.4,1
42,8,9,4,8.1,1
42,9,11,2,6.6,0
42,10,10,4,4.7,1
42,11,10,4,7.8,0
42,12,10,4,9.8,0
42,13,10,1,9.6,1
42,14,10,4,8.1,0
42,15,11,1,6.3,1
42,16,10,3,5.0,0
42,17,10,3,6.8,1
42,18,11,3,9.0,1
42,19,10,5,8.8,0
42,20,9,4,7.1,1
42,21,10,3,9.4,1
42,22,10,3,7.8,0
42,23,11,1,10.1,0
42,24,8,3,10.5,0
42,25,9,4,8.7,1
42,26,10,2,5.0,0
42,27,11,1,6.0,0
42,28,9,3,8.6,1
42,29,10,3,4.6,1
42,30,11,3,9.5,0
43,1,12,2,5.4,1
43,2,13,3,6.1,1
43,3,12,6,5.0,1
43,4,15,3,7.5,0
43,5,14,3,8.9,1
43,6,13,2,10.1,1
43,7,12,4,5.7,1
43,8,12,5,6.5,1
43,9,12,1,10.3,0
43,10,11,2,7.9,1
43,11,13,6,6.4,1
43,12,13,2,5.6,1
43,13,18,3,8.9,0
43,14,16,7,10.3,1
43,15,12,2,8.5,0
43,16,13,0,6.6,1
43,17,12,2,9.6,0
43,18,14,6,5.8,0
43,19,12,2,10.1,0
43,20,11,4,5.9,0
43,21,14,2,6.1,0
43,22,12,1,5.3,1
43,23,6,5,6.1,1
43,24,12,3,6.8,1
43,25,9,3,9.7,1
43,26,12,0,5.8,1
43,27,12,6,10.4,1
43,28,12,4,10.2,1
43,29,12,6,7.4,0
43,30,12,3,4.7,0
44,1,10,3,9.1,1
44,2,10,5,10.1,0
44,3,12,5,7.2,0
44,4,13,4,8.9,1
44,5,11,2,6.1,1
44,6,11,7,5.8,1
44,7,11,4,9.2,1
44,8,12,6,9.1,0
44,9,10,4,6.5,1
44,10,11,4,6.1,1
44,11,9,6,4.9,0
44,12,11,4,10.2,0
44,13,10,4,10.4,0
44,14,11,6,9.5,0
44,15,11,6,8.4,1
44,16,10,7,5.3,1
44,17,11,4,5.1,1
44,18,11,2,5.1,1
44,19,11,3,6.4,0
44,20,11,8,7.7,0
44,21,10,4,9.9,1
44,22,12,5,8.0,0
44,23,9,6,4.6,0
44,24,9,2,7.2,0
44,25,12,5,5.3,0
44,26,12,7,7.0,1
44,27,11,3,8.5,0
44,28,11,4,5.3,0
44,29,9,2,8.2,0
44,30,13,6,8.4,0
45,1,11,6,9.0,0
45,2,11,7,7.7,0
45,3,10,6,9.6,0
45,4,11,4,9.2,0
45,5,11,5,9.8,0
45,6,9,7,6.9,0
45,7,12,8,6.7,0
45,8,9,6,10.6,1
45,9,8,6,7.6,1
45,10,10,6,7.8,1
45,11,10,7,8.4,1
45,12,11,6,7.4,1
45,13,9,8,6.9,1
45,14,9,7,5.3,1
45,15,9,5,6.2,1
45,16,10,5,8.1,1
45,17,10,7,7.6,1
45,18,12,4,5.5,1
45,19,12,7,8.0,1
45,20,11,5,4.5,0
45,21,12,4,6.3,0
45,22,11,6,7.3,0
45,23,9,5,7.3,1
45,24,11,6,8.4,0
45,25,10,7,10.3,1
45,26,8,8,8.7,1
45,27,10,5,6.6,1
45,28,10,7,5.7,0
45,29,10,6,9.1,0
45,30,8,7,6.1,0
46,1,11,3,8.4,1
46,2,11,2,8.8,1
46,3,8,6,7.1,1
46,4,10,2,8.8,0
46,5,10,4,7.8,0
46,6,11,8,7.1,0
46,7,12,3,8.9,1
46,8,13,7,5.6,0
46,9,11,4,8.8,0
46,10,10,4,5.6,0
46,11,10,3,9.7,1
46,12,10,7,10.3,0
46,13,9,2,7.5,0
46,14,10,7,6.9,0
46,15,11,1,8.9,0
46,16,10,5,8.4,0
46,17,11,4,8.1,1
46,18,10,1,6.3,0
46,19,12,5,9.6,0
46,20,11,2,10.3,1
46,21,12,3,10.6,1
46,22,9,3,6.2,0
46,23,7,2,9.7,0
46,24,10,4,5.8,1
46,25,11,5,7.9,1
46,26,9,3,10.3,0
46,27,10,2,6.3,0
46,28,12,3,4.5,0
46,29,10,1,8.2,1
46,30,8,4,7.9,1
47,1,13,7,5.1,1
47,2,11,2,7.7,1
47,3,12,8,8.6,0
47,4,10,3,5.5,0
47,5,14,6,8.0,0
47,6,13,6,7.7,0
47,7,12,8,9.6,0
47,8,11,6,8.7,1
47,9,12,6,6.8,0
47,10,12,5,6.5,0
47,11,13,8,10.5,0
47,12,14,8,9.3,0
47,13,12,6,6.9,0
47,14,11,5,6.8,1
47,15,14,8,8.0,1
47,16,10,9,5.8,1
47,17,11,7,6.2,0
47,18,13,6,8.6,0
47,19,13,10,5.5,1
47,20,13,6,5.8,1
47,21,12,7,10.5,1
47,22,11,6,6.7,1
47,23,12,6,5.5,1
47,24,11,5,8.1,1
47,25,14,4,9.7,1
47,26,14,6,9.1,0
47,27,12,6,7.0,0
47,28,12,8,7.9,0
47,29,12,9,10.3,1
47,30,13,9,9.0,0
48,1,12,5,9.7,1
48,2,13,5,9.6,1
48,3,12,7,7.7,1
48,4,13,7,8.2,1
48,5,13,9,4.9,1
48,6,14,7,5.5,1
48,7,12,8,10.6,1
48,8,14,9,7.7,1
48,9,12,9,7.3,1
48,10,10,7,10.5,0
48,11,11,10,10.2,1
48,12,11,8,10.2,1
48,13,13,7,10.1,1
48,14,12,6,9.2,0
48,15,12,7,5.3,0
48,16,15,7,6.6,0
48,17,13,7,8.1,0
48,18,14,7,5.6,1
48,19,15,8,7.7,0
48,20,12,8,10.1,1
48,21,12,7,9.1,0
48,22,12,7,7.8,0
48,23,12,6,6.8,0
48,24,14,4,9.6,0
48,25,14,9,9.3,0
48,26,15,8,6.4,0
48,27,13,8,8.8,0
48,28,13,9,7.7,1
48,29,12,7,8.7,0
48,30,13,6,10.4,1
49,1,12,6,6.9,0
49,2,13,7,5.1,1
49,3,12,4,6.4,0
49,4,10,6,6.2,0
49,5,11,6,8.3,0
49,6,11,4,7.9,0
49,7,11,7,9.3,1
49,8,11,7,6.0,1
49,9,13,4,10.6,0
49,10,13,7,7.9,1
49,11,12,8,8.2,1
49,12,11,6,9.4,1
49,13,12,6,9.2,0
49,14,15,6,10.1,0
49,15,14,8,5.0,0
49,16,13,9,4.8,1
49,17,12,7,4.8,0
49,18,12,4,8.3,0
49,19,13,6,6.1,0
49,20,11,5,8.7,1
49,21,11,4,5.0,1
49,22,13,5,10.0,0
49,23,13,6,9.8,0
49,24,14,7,10.3,1
49,25,11,8,6.6,1
49,26,13,8,7.1,1
49,27,12,6,9.1,0
49,28,13,5,7.6,0
49,29,11,4,6.9,0
49,30,11,10,7.9,0
50,1,10,2,7.6,1
50,2,12,0,5.3,1
50,3,11,2,9.6,1
50,4,13,3,6.9,0
50,5,13,1,5.0,1
50,6,9,0,8.3,0
50,7,8,0,6.8,0
50,8,10,1,7.3,1
50,9,9,1,9.9,0
50,10,12,1,8.2,1
50,11,13,1,4.6,0
50,12,8,1,9.2,0
50,13,9,1,7.6,1
50,14,9,2,8.8,0
50,15,8,3,9.0,0
50,16,11,2,5.4,1
50,17,11,2,5.5,0
50,18,11,1,7.7,0
50,19,10,2,7.1,1
50,20,11,0,10.3,1
50,21,9,2,10.0,1
50,22,11,0,10.3,1
50,23,11,2,10.0,0
50,24,11,1,9.5,1
50,25,12,1,7.3,0
50,26,6,2,4.6,1
50,27,12,3,7.2,0
50,28,12,1,6.9,0
50,29,9,2,6.0,0
50,30,11,1,5.2,0
51,1,10,2,5.2,0
51,2,10,6,6.1,0
51,3,11,5,5.0,1
51,4,10,2,8.5,0
51,5,11,5,8.0,1
51,6,10,5,5.0,0
51,7,10,2,10.4,0
51,8,12,6,5.1,0
51,9,10,2,8.0,1
51,10,11,3,9.5,1
51,11,11,1,10.6,1
51,12,10,2,6.8,0
51,13,13,5,4.6,0
51,14,8,5,6.5,0
51,15,10,3,7.9,0
51,16,11,2,7.5,1
51,17,9,3,5.4,0
51,18,9,3,9.3,1
51,19,11,4,10.2,0
51,20,11,3,10.4,1
51,21,10,2,9.6,0
51,22,10,4,6.6,0
51,23,10,2,6.0,1
51,24,11,5,6.5,1
51,25,11,4,7.9,1
51,26,10,3,6.3,0
51,27,10,5,10.5,1
51,28,11,5,4.9,0
51,29,10,4,5.3,1
51,30,11,2,9.3,1
52,1,11,4,9.9,0
52,2,10,2,4.6,0
52,3,11,3,8.9,1
52,4,12,6,7.0,0
52,5,10,4,10.3,0
52,6,10,4,7.4,0
52,7,11,0,4.9,1
52,8,11,5,5.9,1
52,9,12,4,5.1,1
52,10,11,2,8.2,1
52,11,15,6,8.1,0
52,12,11,2,5.2,1
52,13,12,1,9.4,0
52,14,13,6,9.9,1
52,15,13,3,10.1,1
52,16,11,2,5.5,1
52,17,11,3,9.1,0
52,18,12,5,8.6,1
52,19,8,5,9.1,1
52,20,12,3,5.4,1
52,21,11,4,6.9,0
52,22,12,3,7.0,1
52,23,10,4,10.3,0
52,24,13,6,5.7,1
52,25,12,3,7.2,0
52,26,10,3,5.6,0
52,27,10,3,7.4,1
52,28,10,6,5.8,0
52,29,13,4,8.7,0
52,30,12,4,9.6,0
53,1,12,2,5.9,0
53,2,9,2,10.0,0
53,3,10,3,10.0,1
53,4,10,2,4.6,1
53,5,13,1,6.8,0
53,6,13,3,10.3,1
53,7,10,4,6.6,1
53,8,11,1,10.0,0
53,9,11,3,6.5,1
53,10,9,4,10.3,0
53,11,9,3,6.0,1
53,12,10,4,9.1,0
53,13,10,4,4.6,0
53,14,12,3,7.0,1
53,15,10,3,7.3,0
53,16,12,3,9.6,0
53,17,12,4,7.5,1
53,18,10,3,7.6,0
53,19,9,4,7.9,1
53,20,10,4,8.5,0
53,21,11,1,9.3,1
53,22,10,4,10.3,1
53,23,9,3,5.8,0
53,24,8,2,4.6,1
53,25,8,1,7.4,0
53,26,12,2,5.6,1
53,27,9,4,7.1,1
53,28,12,3,6.6,1
53,29,11,2,6.2,1
53,30,10,2,6.0,1
54,1,10,6,6.8,1
54,2,12,5,9.2,1
54,3,14,6,6.1,1
54,4,13,4,6.3,0
54,5,14,3,6.7,0
54,6,13,6,6.1,0
54,7,10,2,6.9,0
54,8,12,6,9.9,1
54,9,10,6,7.8,0
54,10,13,8,9.9,0
54,11,13,7,8.2,0
54,12,14,5,8.6,0
54,13,14,6,8.0,0
54,14,13,9,6.5,0
54,15,13,5,8.7,1
54,16,13,4,6.4,0
54,17,13,5,6.5,0
54,18,12,6,9.9,1
54,19,13,3,9.6,0
54,20,11,4,9.0,0
54,21,13,5,7.1,1
54,22,11,7,10.2,1
54,23,13,4,8.5,1
54,24,13,5,8.1,1
54,25,10,7,4.6,0
54,26,11,6,7.0,1
54,27,11,7,8.9,0
54,28,14,4,5.4,1
54,29,10,8,5.2,0
54,30,12,7,7.3,1
55,1,8,2,7.6,0
55,2,13,3,4.7,0
55,3,13,2,10.5,0
55,4,11,1,9.6,0
55,5,12,6,8.5,1
55,6,11,3,7.6,1
55,7,10,2,8.5,1
55,8,10,3,6.8,1
55,9,12,3,5.2,0
55,10,11,2,5.0,1
55,11,10,3,5.3,1
55,12,13,5,10.0,1
55,13,13,2,9.0,0
55,14,12,4,8.6,1
55,15,10,7,7.5,1
55,16,12,4,8.9,1
55,17,12,4,5.7,1
55,18,12,4,6.4,0
55,19,10,3,8.2,0
55,20,10,3,5.1,0
55,21,17,3,7.8,0
55,22,12,4,6.2,1
55,23,15,2,8.1,1
55,24,12,2,4.6,1
55,25,11,3,7.2,1
55,26,12,1,9.6,1
55,27,11,2,6.9,1
55,28,12,3,6.8,1
55,29,13,1,7.2,0
55,30,11,3,6.2,1
56,1,14,4,5.7,0
56,2,15,5,7.1,1
56,3,13,4,5.1,1
56,4,12,4,6.8,1
56,5,11,5,6.9,0
56,6,13,5,10.2,1
56,7,13,4,10.3,0
56,8,14,3,8.8,0
56,9,13,6,9.8,0
56,10,13,7,9.7,0
56,11,14,6,6.5,0
56,12,13,7,6.9,1
56,13,13,4,6.4,0
56,14,14,7,9.8,1
56,15,10,3,5.3,0
56,16,11,5,6.8,1
56,17,13,3,9.9,0
56,18,10,4,6.6,1
56,19,9,6,8.1,0
56,20,17,6,6.0,1
56,21,13,3,7.0,1
56,22,15,5,7.4,0
56,23,12,7,7.1,1
56,24,11,2,4.9,0
56,25,14,5,9.9,1
56,26,11,3,4.7,1
56,27,11,6,9.9,1
56,28,11,5,7.1,0
56,29,14,4,9.3,0
56,30,15,5,9.8,0
57,1,13,2,8.6,0
57,2,11,1,5.5,1
57,3,14,4,5.5,1
57,4,15,3,4.9,0
57,5,12,4,5.6,1
57,6,12,3,6.4,1
57,7,11,5,5.4,1
57,8,9,2,9.5,0
57,9,11,3,6.9,1
57,10,9,4,9.2,0
57,11,11,2,9.3,1
57,12,13,2,8.9,1
57,13,15,2,8.9,0
57,14,10,2,7.8,0
57,15,11,3,7.1,1
57,16,10,6,7.9,0
57,17,13,2,7.1,1
57,18,15,1,6.5,0
57,19,12,5,10.2,0
57,20,13,2,5.8,1
57,21,12,2,8.6,1
57,22,12,4,5.9,1
57,23,11,5,7.0,1
57,24,15,4,4.9,0
57,25,13,3,8.7,0
57,26,16,4,7.4,1
57,27,15,3,5.7,0
57,28,13,2,7.7,1
57,29,13,2,9.4,1
57,30,11,4,5.3,1
58,1,11,5,5.8,0
58,2,11,5,4.9,1
58,3,11,7,4.8,0
58,4,13,7,5.8,1
58,5,12,6,9.6,0
58,6,13,6,7.2,1
58,7,12,6,5.9,0
58,8,10,6,10.4,0
58,9,8,6,7.8,0
58,10,12,8,8.2,0
58,11,11,4,5.7,1
58,12,8,6,7.3,0
58,13,12,7,4.8,1
58,14,12,6,8.7,1
58,15,10,6,7.2,1
58,16,9,5,6.3,0
58,17,9,7,9.8,0
58,18,8,5,6.9,0
58,19,9,7,7.2,0
58,20,10,6,9.4,0
58,21,11,8,10.4,0
58,22,7,6,6.5,0
58,23,9,6,5.4,0
58,24,10,8,9.5,0
58,25,11,8,8.1,0
58,26,10,8,9.7,0
58,27,10,6,5.3,0
58,28,10,6,5.1,1
58,29,12,5,9.4,1
58,30,10,6,8.0,1
59,1,13,2,4.9,1
59,2,12,5,5.4,1
59,3,14,2,5.0,0
59,4,11,4,8.8,0
59,5,14,2,6.0,1
59,6,14,5,7.8,0
59,7,12,3,5.7,1
59,8,11,3,8.5,0
59,9,10,3,4.6,0
59,10,11,1,7.9,0
59,11,12,5,6.8,0
59,12,13,4,9.6,0
59,13,13,4,6.4,0
59,14,12,4,8.2,1
59,15,13,3,10.0,1
59,16,12,3,5.8,1
59,17,12,3,5.4,0
59,18,10,4,6.6,0
59,19,13,3,9.3,0
59,20,11,3,9.9,1
59,21,11,4,7.9,0
59,22,14,2,5.4,0
59,23,9,3,5.7,0
59,24,12,3,8.5,1
59,25,15,4,4.7,1
59,26,11,1,5.7,1
59,27,12,3,6.1,1
59,28,15,6,4.7,0
59,29,14,4,7.4,1
59,30,16,1,10.1,0
60,1,11,4,5.5,0
60,2,15,4,9.8,1
60,3,12,7,9.9,0
60,4,11,4,10.6,0
60,5,11,6,6.0,1
60,6,15,5,5.0,0
60,7,13,4,10.6,1
60,8,14,7,5.5,1
60,9,14,3,5.0,1
60,10,11,4,8.4,1
60,11,13,3,9.9,1
60,12,14,2,5.4,0
60,13,13,5,10.1,1
60,14,14,2,5.2,1
60,15,14,3,7.7,1
60,16,15,4,4.7,1
60,17,14,3,5.0,1
60,18,13,2,8.4,1
60,19,14,7,5.8,0
60,20,13,3,10.0,1
60,21,13,4,6.9,1
60,22,13,3,5.8,1
60,23,14,4,8.3,0
60,24,11,3,8.7,1
60,25,13,4,9.4,0
60,26,15,7,8.4,1
60,27,14,8,10.4,1
60,28,11,4,5.3,1
60,29,10,4,5.7,0
60,30,12,5,7.6,0
61,1,10,3,5.2,1
61,2,13,4,10.5,0
61,3,10,1,4.9,0
61,4,15,4,8.1,0
61,5,12,3,5.4,1
61,6,8,4,6.4,0
61,7,10,2,9.9,0
61,8,11,3,10.0,1
61,9,10,1,4.7,1
61,10,10,4,7.2,1
61,11,12,3,6.8,0
61,12,11,4,10.2,1
61,13,13,3,5.1,0
61,14,13,4,8.0,1
61,15,11,2,10.4,0
61,16,14,3,7.7,0
61,17,9,3,6.9,0
61,18,12,4,9.8,0
61,19,9,3,8.2,1
61,20,11,5,6.1,1
61,21,12,3,5.0,0
61,22,9,3,8.8,0
61,23,6,2,4.9,0
61,24,11,3,7.7,1
61,25,10,3,8.0,1
61,26,12,4,9.6,1
61,27,8,4,6.1,0
61,28,8,2,5.1,0
61,29,12,4,4.9,1
61,30,13,4,5.6,0
62,1,10,6,6.1,0
62,2,9,4,6.4,1
62,3,13,7,5.6,0
62,4,10,6,4.8,1
62,5,12,6,9.5,1
62,6,13,4,10.2,0
62,7,12,6,9.7,0
62,8,8,7,6.8,1
62,9,10,6,6.5,0
62,10,11,7,5.0,0
62,11,11,5,8.2,0
62,12,11,7,5.2,0
62,13,12,3,5.4,0
62,14,10,8,5.8,0
62,15,11,5,9.4,0
62,16,10,6,10.2,0
62,17,11,7,8.1,1
62,18,12,6,8.1,0
62,19,11,7,10.0,1
62,20,9,8,8.6,0
62,21,10,4,9.3,1
62,22,12,5,5.1,0
62,23,10,3,9.6,0
62,24,12,5,4.9,0
62,25,11,5,10.5,1
62,26,11,7,5.1,0
62,27,11,5,9.9,0
62,28,12,6,9.5,0
62,29,7,7,4.7,0
62,30,10,7,9.3,0
63,1,10,5,5.6,1
63,2,10,2,10.5,1
63,3,9,6,10.2,1
63,4,9,5,7.9,0
63,5,12,7,8.7,1
63,6,10,8,5.9,1
63,7,13,4,9.3,1
63,8,11,3,9.9,1
63,9,11,5,6.8,0
63,10,12,5,6.6,0
63,11,8,7,7.5,1
63,12,10,7,7.2,0
63,13,13,6,8.9,0
63,14,9,7,9.4,1
63,15,10,6,5.5,0
63,16,11,7,5.8,0
63,17,8,6,9.8,0
63,18,13,5,5.5,1
63,19,14,5,6.6,0
63,20,11,8,8.1,0
63,21,9,7,5.4,1
63,22,8,6,4.7,1
63,23,10,6,6.3,0
63,24,11,6,10.2,0
63,25,7,5,10.6,1
63,26,12,4,8.4,1
63,27,8,4,10.3,1
63,28,9,2,8.1,0
63,29,10,5,5.9,1
63,30,11,5,5.2,1
64,1,13,8,9.5,0
64,2,13,5,8.6,0
64,3,11,6,7.4,0
64,4,9,8,8.6,0
64,5,13,6,6.1,1
64,6,8,7,7.4,0
64,7,11,10,5.1,1
64,8,11,11,7.9,1
64,9,12,6,10.0,0
64,10,12,4,8.8,1
64,11,11,8,9.3,1
64,12,12,7,7.2,0
64,13,11,7,5.9,0
64,14,11,10,9.9,0
64,15,11,7,7.3,0
64,16,11,9,4.8,1
64,17,13,6,5.9,0
64,18,14,7,7.8,0
64,19,13,8,6.5,0
64,20,13,7,4.5,1
64,21,12,6,7.8,0
64,22,12,8,6.0,0
64,23,11,7,5.2,1
64,24,12,7,8.6,1
64,25,12,7,10.1,1
64,26,11,5,8.5,1
64,27,11,5,5.1,1
64,28,12,7,8.0,0
64,29,12,8,4.8,1
64,30,11,7,6.0,0
65,1,14,3,8.4,0
65,2,11,3,5.2,1
65,3,12,4,7.7,0
65,4,12,3,5.7,1
65,5,11,5,9.6,0
65,6,12,0,5.4,1
65,7,10,3,6.7,0
65,8,11,0,7.3,0
65,9,10,3,9.4,1
65,10,11,1,4.6,1
65,11,12,1,9.4,0
65,12,11,4,9.1,0
65,13,9,3,7.7,1
65,14,11,4,8.2,0
65,15,15,3,4.8,1
65,16,12,2,8.8,1
65,17,11,4,9.3,0
65,18,10,4,5.1,1
65,19,14,1,5.2,1
65,20,13,6,6.2,1
65,21,13,1,6.5,1
65,22,13,1,8.4,1
65,23,11,1,5.7,1
65,24,10,4,7.8,1
65,25,14,5,4.7,1
65,26,11,1,5.2,0
65,27,14,3,6.7,1
65,28,11,3,9.0,0
65,29,11,3,8.4,1
65,30,13,2,5.6,1
66,1,10,1,7.4,1
66,2,9,3,9.7,1
66,3,10,2,7.3,1
66,4,9,0,9.9,1
66,5,9,2,8.3,1
66,6,13,2,5.8,1
66,7,11,2,5.2,0
66,8,11,1,7.1,1
66,9,13,2,10.3,1
66,10,11,2,9.4,0
66,11,11,1,9.7,0
66,12,11,3,8.4,0
66,13,10,1,4.6,1
66,14,11,3,10.0,1
66,15,11,1,8.5,0
66,16,9,2,8.1,0
66,17,9,2,5.3,1
66,18,11,3,5.2,0
66,19,10,1,6.7,0
66,20,11,2,4.7,1
66,21,9,1,10.4,1
66,22,10,2,9.5,1
66,23,10,1,8.3,0
66,24,8,2,6.5,1
66,25,12,1,5.5,0
66,26,9,3,9.3,1
66,27,11,1,8.9,0
66,28,13,3,8.1,1
66,29,14,3,9.0,1
66,30,11,2,5.9,0
67,1,16,3,9.8,1
67,2,11,2,7.7,0
67,3,11,2,8.7,1
67,4,14,3,7.3,1
67,5,11,3,4.8,0
67,6,15,1,8.2,1
67,7,13,4,6.4,0
67,8,17,2,8.1,0
67,9,13,3,6.0,1
67,10,13,3,10.4,0
67,11,13,0,8.6,1
67,12,12,2,4.8,1
67,13,12,3,6.2,1
67,14,15,1,10.4,1
67,15,12,1,10.0,1
67,16,11,3,4.8,1
67,17,13,3,10.1,1
67,18,12,3,10.1,1
67,19,13,4,7.1,0
67,20,15,4,9.6,0
67,21,12,6,5.5,1
67,22,14,1,5.2,0
67,23,12,2,5.6,1
67,24,11,2,10.1,1
67,25,12,4,7.6,1
67,26,12,3,5.5,1
67,27,11,1,7.9,0
67,28,13,3,9.1,0
67,29,13,1,9.1,1
67,30,13,0,5.3,0
68,1,9,2,6.8,0
68,2,11,3,7.6,0
68,3,11,5,5.2,1
68,4,12,2,6.4,1
68,5,10,4,10.6,1
68,6,12,5,6.9,0
68,7,10,3,8.4,0
68,8,11,5,9.3,1
68,9,12,4,7.6,1
68,10,11,0,4.6,0
68,11,11,1,9.9,0
68,12,12,2,9.8,0
68,13,11,7,4.9,0
68,14,12,4,5.5,0
68,15,11,5,4.7,0
68,16,10,2,6.0,0
68,17,9,4,8.9,1
68,18,12,2,6.3,0
68,19,12,3,6.6,0
68,20,12,4,5.9,1
68,21,12,3,4.5,1
68,22,10,2,8.8,0
68,23,12,3,9.4,0
68,24,10,3,10.2,0
68,25,10,5,9.7,1
68,26,10,4,6.3,0
68,27,10,1,9.8,0
68,28,13,2,5.8,0
68,29,12,4,6.5,1
68,30,11,2,10.4,0
69,1,14,3,8.4,0
69,2,12,4,7.0,0
69,3,13,4,6.0,1
69,4,14,4,6.3,1
69,5,13,3,9.0,1
69,6,14,4,10.0,0
69,7,13,5,10.3,0
69,8,11,5,9.5,1
69,9,12,3,5.4,1
69,10,13,5,10.4,0
69,11,13,4,6.4,1
69,12,13,3,7.9,1
69,13,13,5,9.7,0
69,14,14,4,4.9,1
69,15,14,5,5.0,1
69,16,14,4,7.2,1
69,17,14,2,7.1,1
69,18,12,3,7.6,0
69,19,13,2,7.2,1
69,20,11,3,7.4,0
69,21,14,6,5.0,0
69,22,13,4,5.5,1
69,23,13,3,7.7,0
69,24,14,4,7.0,0
69,25,14,1,6.5,1
69,26,13,2,7.2,0
69,27,14,6,6.9,0
69,28,13,5,10.0,1
69,29,13,5,10.0,1
69,30,11,4,9.1,1
70,1,14,4,7.5,1
70,2,13,3,9.7,1
70,3,10,6,10.5,0
70,4,10,6,10.3,0
70,5,14,6,8.1,0
70,6,12,4,5.5,0
70,7,11,6,5.1,1
70,8,12,6,8.2,0
70,9,9,3,5.5,0
70,10,12,6,5.5,0
70,11,10,6,10.0,1
70,12,11,6,5.4,1
70,13,11,5,6.7,1
70,14,15,7,5.0,1
70,15,12,6,9.2,0
70,16,17,5,7.7,1
70,17,10,4,8.5,1
70,18,14,5,7.1,0
70,19,12,7,9.7,1
70,20,13,6,8.8,1
70,21,14,5,6.3,1
70,22,13,6,9.0,0
70,23,12,4,5.9,0
70,24,13,4,8.9,0
70,25,12,5,8.5,0
70,26,13,5,6.2,0
70,27,11,7,6.1,1
70,28,13,4,9.8,0
70,29,14,6,10.6,0
70,30,13,4,9.2,0
71,1,10,5,6.1,1
71,2,10,3,6.9,1
71,3,13,4,7.5,1
71,4,8,5,5.9,1
71,5,12,3,8.2,0
71,6,11,4,7.3,1
71,7,10,4,9.3,0
71,8,12,3,10.2,0
71,9,13,4,7.5,0
71,10,9,4,4.7,1
71,11,13,3,10.2,1
71,12,12,3,9.2,0
71,13,10,5,5.1,0
71,14,11,5,4.7,1
71,15,12,3,5.1,0
71,16,10,5,5.9,0
71,17,10,6,9.1,1
71,18,11,2,8.2,0
71,19,12,4,5.5,1
71,20,10,1,10.0,1
71,21,13,4,9.1,0
71,22,11,4,8.7,0
71,23,12,5,8.6,0
71,24,7,2,9.5,0
71,25,9,5,7.7,1
71,26,12,4,4.5,1
71,27,11,4,5.6,0
71,28,10,2,10.2,0
71,29,11,6,10.1,0
71,30,11,3,10.2,0
72,1,13,7,6.0,0
72,2,13,4,9.4,1
72,3,9,2,8.8,0
72,4,13,5,6.2,1
72,5,9,4,5.3,1
72,6,13,6,6.5,0
72,7,12,6,5.3,0
72,8,11,4,9.8,0
72,9,14,1,8.0,0
72,10,14,5,6.5,1
72,11,11,5,8.0,1
72,12,8,6,8.9,1
72,13,12,4,6.3,0
72,14,12,4,5.9,1
72,15,13,4,9.2,1
72,16,13,5,6.6,1
72,17,14,5,5.5,0
72,18,11,6,9.6,1
72,19,15,1,8.0,0
72,20,10,7,7.5,0
72,21,12,5,4.6,0
72,22,13,3,9.4,0
72,23,12,6,5.4,0
72,24,14,4,5.1,1
72,25,14,5,10.0,0
72,26,9,6,9.8,1
72,27,11,4,7.9,1
72,28,11,6,6.6,1
72,29,13,4,5.6,1
72,30,13,7,5.3,1
73,1,12,5,9.9,1
73,2,13,1,10.2,1
73,3,11,2,5.7,1
73,4,12,2,9.8,0
73,5,13,4,4.8,0
73,6,12,4,8.9,0
73,7,12,4,10.3,0
73,8,13,3,6.5,1
73,9,13,1,7.1,1
73,10,12,3,8.3,1
73,11,11,3,10.2,0
73,12,11,2,6.7,1
73,13,13,5,6.2,1
73,14,13,3,4.9,1
73,15,13,2,7.6,1
73,16,12,2,4.7,0
73,17,12,4,6.7,0
73,18,12,2,9.8,1
73,19,12,4,5.4,0
73,20,12,1,6.3,0
73,21,13,3,8.8,0
73,22,12,3,7.2,0
73,23,12,3,7.3,1
73,24,12,2,4.9,1
73,25,10,2,8.6,1
73,26,12,3,7.8,0
73,27,10,5,6.1,0
73,28,14,4,6.9,0
73,29,11,5,6.6,0
73,30,12,3,6.7,0
74,1,8,3,5.4,0
74,2,7,4,6.5,0
74,3,11,1,4.6,0
74,4,7,3,7.4,0
74,5,8,1,9.5,1
74,6,11,5,9.3,1
74,7,11,1,8.0,0
74,8,11,2,4.8,1
74,9,9,2,9.5,0
74,10,11,4,6.3,1
74,11,9,3,5.4,1
74,12,10,5,5.8,0
74,13,10,3,4.7,1
74,14,6,1,6.7,0
74,15,8,4,4.9,1
74,16,11,2,9.2,1
74,17,9,6,7.0,0
74,18,10,4,8.7,1
74,19,9,1,8.3,1
74,20,9,3,6.7,0
74,21,9,4,5.3,1
74,22,9,2,6.9,0
74,23,9,4,6.1,0
74,24,10,1,5.2,0
74,25,8,3,9.9,1
74,26,10,4,8.8,1
74,27,10,4,10.2,0
74,28,8,3,8.4,0
74,29,7,1,5.9,1
74,30,11,4,10.0,1
75,1,12,1,5.7,1
75,2,12,1,8.1,1
75,3,12,1,5.6,1
75,4,13,2,7.5,0
75,5,10,1,10.5,0
75,6,9,4,5.4,0
75,7,10,4,7.8,0
75,8,11,1,10.4,1
75,9,11,2,9.0,0
75,10,12,2,6.5,1
75,11,11,3,9.3,1
75,12,10,3,8.5,1
75,13,10,2,7.3,1
75,14,11,3,7.6,0
75,15,11,1,8.7,1
75,16,10,1,8.1,0
75,17,12,3,5.3,0
75,18,12,1,7.1,0
75,19,13,2,8.9,1
75,20,9,1,8.0,1
75,21,11,1,6.8,1
75,22,11,1,10.5,1
75,23,11,2,9.2,0
75,24,10,1,9.4,1
75,25,13,1,9.7,1
75,26,13,0,7.2,0
75,27,12,2,5.7,0
75,28,11,1,9.2,0
75,29,12,3,7.1,0
75,30,11,2,9.7,1
76,1,11,8,5.5,0
76,2,11,8,4.5,1
76,3,9,8,4.7,1
76,4,9,5,7.0,1
76,5,14,7,9.6,0
76,6,11,7,7.0,0
76,7,12,5,7.2,0
76,8,12,6,9.7,1
76,9,10,4,10.5,1
76,10,12,7,5.1,0
76,11,10,6,7.1,0
76,12,10,7,7.0,1
76,13,11,6,9.5,1
76,14,11,6,10.1,0
76,15,11,5,6.9,0
76,16,12,6,5.2,0
76,17,13,8,6.9,1
76,18,11,8,7.7,1
76,19,14,6,7.5,1
76,20,11,6,5.6,0
76,21,13,8,4.6,1
76,22,13,7,5.6,1
76,23,12,6,9.1,0
76,24,12,8,7.2,0
76,25,11,7,6.6,0
76,26,11,6,4.6,1
76,27,13,7,7.2,1
76,28,11,5,10.6,1
76,29,15,7,6.6,0
76,30,13,7,8.5,1
77,1,12,5,5.1,1
77,2,10,5,10.3,0
77,3,13,4,9.3,1
77,4,11,5,10.2,1
77,5,13,4,6.5,0
77,6,14,5,9.2,1
77,7,14,4,5.7,0
77,8,15,4,10.3,1
77,9,14,7,5.2,0
77,10,12,6,9.9,0
77,11,12,6,9.5,1
77,12,12,7,8.0,0
77,13,13,7,8.0,0
77,14,11,1,4.8,1
77,15,12,5,5.2,1
77,16,14,3,5.7,0
77,17,11,5,7.0,0
77,18,12,6,10.3,0
77,19,13,5,9.7,1
77,20,12,5,9.7,1
77,21,12,5,9.2,0
77,22,13,5,7.0,0
77,23,13,2,4.8,1
77,24,15,6,9.8,0
77,25,11,5,7.9,1
77,26,13,4,8.0,0
77,27,11,6,5.0,0
77,28,13,4,8.6,0
77,29,12,6,7.4,1
77,30,13,3,6.5,0
78,1,10,4,9.8,1
78,2,12,4,4.7,1
78,3,9,9,5.9,1
78,4,6,9,8.7,1
78,5,11,7,9.1,1
78,6,9,7,5.8,0
78,7,11,6,8.8,1
78,8,11,7,8.5,1
78,9,10,6,7.6,1
78,10,7,4,5.8,0
78,11,10,6,9.1,0
78,12,10,7,7.8,1
78,13,12,7,6.9,0
78,14,10,9,8.2,1
78,15,10,7,9.6,1
78,16,9,6,7.1,1
78,17,9,7,4.6,1
78,18,11,4,7.1,1
78,19,11,7,5.1,1
78,20,10,7,5.9,1
78,21,10,5,7.1,0
78,22,12,5,9.8,0
78,23,7,5,9.9,0
78,24,8,8,10.0,0
78,25,10,5,7.9,0
78,26,6,8,7.5,0
78,27,9,5,4.9,1
78,28,9,7,8.6,1
78,29,8,5,10.0,0
78,30,9,4,10.1,0
79,1,18,8,7.1,1
79,2,9,7,6.4,1
79,3,12,4,5.7,0
79,4,13,5,6.1,0
79,5,11,4,7.3,0
79,6,12,9,4.9,1
79,7,14,8,8.1,1
79,8,13,7,6.2,0
79,9,14,4,7.5,1
79,10,11,4,6.0,1
79,11,14,8,5.4,1
79,12,14,4,6.6,0
79,13,12,6,8.3,1
79,14,9,7,8.3,0
79,15,8,4,10.3,1
79,16,13,7,6.7,0
79,17,12,8,4.5,1
79,18,11,7,8.4,1
79,19,14,7,7.8,1
79,20,12,9,9.3,0
79,21,11,4,10.3,0
79,22,14,6,8.3,0
79,23,10,8,7.4,0
79,24,13,6,8.6,0
79,25,13,8,4.8,1
79,26,14,7,4.7,0
79,27,13,7,5.8,1
79,28,11,4,8.5,1
79,29,11,6,8.8,0
79,30,12,6,7.9,0
80,1,11,2,6.0,1
80,2,9,5,9.1,1
80,3,11,4,8.1,1
80,4,8,5,7.9,0
80,5,10,4,10.5,0
80,6,9,5,9.8,0
80,7,10,5,8.7,0
80,8,10,5,8.3,0
80,9,9,4,6.9,1
80,10,9,2,4.7,1
80,11,10,2,10.3,1
80,12,9,5,9.5,1
80,13,8,4,6.7,1
80,14,9,4,5.6,0
80,15,9,4,4.7,1
80,16,11,3,5.5,0
80,17,12,5,7.5,0
80,18,10,5,9.7,0
80,19,10,4,8.8,0
80,20,9,5,10.1,0
80,21,9,5,9.7,1
80,22,9,5,6.1,0
80,23,11,4,8.1,1
80,24,9,4,6.8,1
80,25,10,5,10.0,0
80,26,10,4,7.8,0
80,27,10,4,7.5,1
80,28,9,4,8.3,1
80,29,8,4,7.9,0
80,30,10,5,5.0,0
81,1,9,3,5.4,1
81,2,11,4,4.9,1
81,3,9,4,6.6,0
81,4,12,4,9.4,0
81,5,10,3,7.6,0
81,6,10,3,7.0,1
81,7,10,1,9.6,1
81,8,10,3,8.3,1
81,9,11,2,4.6,0
81,10,11,1,8.7,1
81,11,9,3,8.7,0
81,12,10,3,6.2,0
81,13,11,2,6.8,1
81,14,10,1,4.6,0
81,15,9,4,5.9,0
81,16,9,2,6.1,1
81,17,12,3,10.4,0
81,18,10,3,5.1,0
81,19,10,3,6.5,1
81,20,10,4,5.9,1
81,21,9,4,5.6,1
81,22,11,5,5.8,0
81,23,9,1,4.9,1
81,24,10,2,6.8,0
81,25,10,4,10.4,1
81,26,9,2,4.8,0
81,27,12,3,10.2,0
81,28,10,3,6.0,1
81,29,10,4,6.2,1
81,30,10,4,9.8,1
82,1,12,4,10.1,0
82,2,9,4,10.1,1
82,3,13,6,7.2,1
82,4,10,2,7.4,0
82,5,8,5,5.5,1
82,6,13,3,6.3,1
82,7,9,5,7.8,1
82,8,10,4,7.3,1
82,9,11,4,9.3,0
82,10,12,5,6.2,1
82,11,12,4,9.0,1
82,12,9,2,8.9,0
82,13,9,4,7.2,0
82,14,12,6,7.3,1
82,15,12,5,8.3,0
82,16,10,3,4.8,1
82,17,11,3,4.9,0
82,18,9,2,4.9,1
82,19,13,4,6.4,1
82,20,10,4,6.6,0
82,21,12,4,8.5,1
82,22,9,4,5.0,1
82,23,8,5,9.1,1
82,24,11,5,6.9,0
82,25,12,5,5.8,0
82,26,14,4,9.4,1
82,27,10,2,8.3,1
82,28,10,3,5.5,0
82,29,13,5,8.1,1
82,30,11,2,6.5,0
83,1,8,3,10.3,1
83,2,9,3,9.7,1
83,3,9,4,5.2,0
83,4,10,2,9.5,0
83,5,9,2,5.1,1
83,6,10,2,5.5,1
83,7,9,2,5.2,0
83,8,9,4,5.4,1
83,9,9,2,8.4,1
83,10,9,3,4.8,0
83,11,10,3,5.0,0
83,12,9,4,7.2,0
83,13,10,2,7.9,0
83,14,9,2,4.9,0
83,15,11,2,8.6,0
83,16,10,3,7.5,1
83,17,10,2,9.5,1
83,18,8,3,8.9,1
83,19,10,1,5.9,0
83,20,11,3,8.3,1
83,21,9,2,7.3,0
83,22,10,4,8.2,0
83,23,8,2,8.3,0
83,24,9,4,10.5,1
83,25,9,4,8.0,1
83,26,10,5,8.8,1
83,27,9,4,5.7,1
83,28,10,2,9.7,1
83,29,9,3,6.1,1
83,30,10,2,9.0,0
84,1,10,0,9.7,0
84,2,11,3,7.0,1
84,3,11,1,6.8,0
84,4,10,3,8.8,0
84,5,12,2,7.3,0
84,6,12,2,9.7,1
84,7,11,2,7.6,1
84,8,14,3,6.6,0
84,9,11,2,8.2,1
84,10,11,2,5.9,0
84,11,9,2,5.0,1
84,12,14,3,7.9,1
84,13,10,2,9.6,1
84,14,10,1,5.7,0
84,15,12,2,5.5,0
84,16,11,3,6.6,1
84,17,12,3,6.6,0
84,18,13,0,9.9,0
84,19,11,2,9.7,0
84,20,11,3,7.1,0
84,21,10,3,5.9,0
84,22,11,1,7.6,1
84,23,12,2,4.8,1
84,24,11,2,10.6,1
84,25,9,1,10.0,1
84,26,11,2,9.7,1
84,27,13,2,10.2,1
84,28,11,3,10.6,1
84,29,11,2,6.6,0
84,30,10,3,6.7,0
85,1,14,5,6.0,0
85,2,13,3,6.5,1
85,3,15,4,8.2,1
85,4,13,3,5.1,0
85,5,12,5,5.8,0
85,6,12,4,6.0,1
85,7,16,3,5.3,1
85,8,13,4,9.7,0
85,9,13,5,4.6,1
85,10,12,3,10.0,0
85,11,10,4,10.3,0
85,12,12,3,5.7,0
85,13,12,4,7.3,1
85,14,15,4,9.1,1
85,15,14,5,10.5,1
85,16,13,4,9.1,1
85,17,10,5,9.7,0
85,18,10,3,7.4,0
85,19,11,4,9.2,1
85,20,12,4,8.5,1
85,21,14,5,6.9,0
85,22,14,4,7.1,1
85,23,11,4,8.4,0
85,24,14,3,5.7,0
85,25,13,5,10.4,1
85,26,12,5,7.6,0
85,27,11,4,5.1,0
85,28,14,4,6.3,0
85,29,13,4,8.7,1
85,30,13,3,4.8,0
86,1,13,5,6.4,0
86,2,6,4,4.8,1
86,3,13,3,7.7,1
86,4,14,4,9.1,1
86,5,12,4,8.2,0
86,6,14,3,5.0,0
86,7,12,3,10.2,0
86,8,12,3,6.6,0
86,9,11,7,5.6,0
86,10,12,3,10.1,1
86,11,14,4,5.1,0
86,12,12,3,4.7,0
86,13,12,3,10.3,0
86,14,11,3,5.1,1
86,15,10,2,8.8,1
86,16,11,2,10.0,0
86,17,12,4,6.2,1
86,18,9,5,8.9,1
86,19,11,3,10.0,0
86,20,9,2,5.2,1
86,21,11,4,10.0,1
86,22,8,3,7.3,1
86,23,13,5,9.2,0
86,24,9,4,7.2,1
86,25,6,4,6.2,1
86,26,11,4,5.3,1
86,27,13,3,7.5,0
86,28,7,4,8.3,1
86,29,12,2,7.3,0
86,30,11,3,7.4,0
87,1,15,6,7.5,1
87,2,13,6,7.1,0
87,3,13,5,5.8,1
87,4,15,6,6.2,1
87,5,10,6,5.6,1
87,6,9,9,4.8,1
87,7,14,4,10.5,0
87,8,11,4,6.4,0
87,9,12,4,5.4,0
87,10,11,5,8.1,0
87,11,13,6,7.0,1
87,12,11,4,6.0,0
87,13,15,3,10.2,0
87,14,14,3,5.7,0
87,15,11,4,5.5,0
87,16,14,4,8.0,0
87,17,9,5,6.5,1
87,18,11,6,9.5,1
87,19,11,5,6.2,1
87,20,11,2,8.2,0
87,21,12,6,10.6,1
87,22,13,6,6.3,1
87,23,12,6,7.7,1
87,24,13,8,9.0,1
87,25,14,4,8.5,1
87,26,13,4,7.2,0
87,27,12,6,10.3,1
87,28,11,4,5.1,1
87,29,11,7,6.9,1
87,30,14,4,6.4,1
88,1,13,3,9.3,1
88,2,11,5,9.4,0
88,3,11,5,7.3,0
88,4,10,6,4.8,1
88,5,13,3,4.8,0
88,6,12,5,6.1,0
88,7,11,5,7.1,1
88,8,11,5,9.2,0
88,9,8,6,6.4,0
88,10,11,4,9.8,1
88,11,11,4,5.6,1
88,12,11,4,10.5,0
88,13,11,6,9.9,0
88,14,15,7,5.7,0
88,15,12,5,6.9,0
88,16,10,6,5.2,1
88,17,12,3,6.5,1
88,18,12,5,5.7,0
88,19,9,7,10.2,1
88,20,11,7,6.6,1
88,21,11,5,7.9,0
88,22,12,5,6.5,1
88,23,11,6,10.2,1
88,24,9,7,6.6,1
88,25,14,5,6.3,0
88,26,13,2,6.4,1
88,27,8,4,7.5,0
88,28,13,7,10.0,1
88,29,12,2,9.9,0
88,30,10,3,10.6,0
89,1,13,4,8.1,1
89,2,10,6,9.8,1
89,3,10,3,9.4,1
89,4,9,3,5.1,0
89,5,10,6,4.9,1
89,6,11,4,7.9,0
89,7,11,4,9.6,0
89,8,9,6,5.5,0
89,9,8,4,7.9,1
89,10,10,5,8.9,1
89,11,12,4,6.5,1
89,12,11,5,5.9,0
89,13,10,2,8.8,1
89,14,9,5,7.7,1
89,15,8,4,8.0,0
89,16,11,5,7.9,1
89,17,13,3,9.5,0
89,18,11,6,10.5,0
89,19,10,3,7.4,0
89,20,12,3,7.6,0
89,21,10,4,6.8,0
89,22,13,1,10.3,0
89,23,11,3,10.2,0
89,24,7,5,7.4,0
89,25,9,3,5.9,1
89,26,11,1,5.6,0
89,27,11,6,5.4,1
89,28,10,3,10.5,0
89,29,13,3,5.6,1
89,30,9,3,4.9,1
90,1,12,2,7.8,0
90,2,11,3,9.5,0
90,3,12,2,9.1,0
90,4,12,0,8.0,0
90,5,12,3,7.1,1
90,6,10,1,5.1,0
90,7,13,1,6.7,1
90,8,11,2,6.1,0
90,9,13,2,9.5,0
90,10,12,0,7.5,0
90,11,12,3,7.4,1
90,12,10,2,6.8,1
90,13,13,2,5.2,0
90,14,12,2,7.8,0
90,15,12,1,6.4,0
90,16,12,1,4.9,0
90,17,12,0,5.8,0
90,18,11,1,7.2,0
90,19,13,2,4.9,0
90,20,12,2,9.6,0
90,21,13,1,6.2,1
90,22,12,1,5.1,0
90,23,12,2,7.7,1
90,24,13,3,9.1,1
90,25,10,1,9.7,0
90,26,12,1,8.0,1
90,27,13,3,5.5,0
90,28,12,2,4.6,1
90,29,11,2,4.8,0
90,30,13,3,5.2,0
91,1,13,3,5.6,0
91,2,12,2,9.0,1
91,3,14,3,9.2,1
91,4,13,4,7.9,1
91,5,14,4,4.7,0
91,6,12,2,10.1,0
91,7,11,4,10.3,1
91,8,13,3,8.7,0
91,9,13,3,9.8,1
91,10,13,1,7.3,1
91,11,13,4,7.3,0
91,12,13,3,6.3,1
91,13,10,4,8.7,0
91,14,13,4,4.6,1
91,15,16,3,9.8,0
91,16,11,3,6.6,1
91,17,10,1,7.3,0
91,18,14,4,7.9,1
91,19,16,3,4.6,1
91,20,16,3,8.8,0
91,21,12,3,7.3,0
91,22,13,4,10.2,0
91,23,13,4,6.6,1
91,24,11,4,5.6,0
91,25,13,2,4.6,1
91,26,13,4,5.3,0
91,27,10,4,7.9,0
91,28,14,3,9.7,1
91,29,11,5,9.5,1
91,30,13,4,10.4,1
92,1,11,6,5.2,0
92,2,13,5,9.4,1
92,3,9,5,10.5,1
92,4,15,5,6.8,1
92,5,15,5,5.4,1
92,6,13,4,7.2,1
92,7,10,5,9.3,1
92,8,13,1,9.7,1
92,9,12,4,10.4,1
92,10,11,3,9.2,0
92,11,12,5,7.2,0
92,12,13,4,7.0,1
92,13,14,3,5.7,0
92,14,12,10,7.1,0
92,15,13,8,5.5,1
92,16,12,7,9.7,1
92,17,13,5,8.5,1
92,18,11,6,4.8,1
92,19,10,4,7.0,0
92,20,11,6,6.6,1
92,21,12,4,8.0,1
92,22,11,4,7.9,1
92,23,12,8,10.5,0
92,24,13,4,8.4,0
92,25,12,6,5.7,1
92,26,15,5,8.5,1
92,27,14,5,8.2,1
92,28,13,6,5.2,0
92,29,9,3,8.3,0
92,30,12,4,7.2,0
93,1,11,1,5.6,1
93,2,11,2,5.1,0
93,3,10,3,8.4,0
93,4,11,2,5.3,1
93,5,10,4,9.6,1
93,6,11,2,7.7,1
93,7,11,3,7.4,0
93,8,11,6,5.2,0
93,9,11,3,5.6,0
93,10,10,2,8.0,1
93,11,11,4,5.5,0
93,12,11,2,10.5,0
93,13,9,4,7.1,0
93,14,10,3,7.1,1
93,15,10,5,5.6,1
93,16,11,2,7.7,0
93,17,10,5,6.5,0
93,18,12,4,5.0,1
93,19,12,5,5.8,0
93,20,11,4,10.2,1
93,21,10,3,7.9,0
93,22,11,2,6.9,1
93,23,10,5,10.5,1
93,24,12,4,10.2,0
93,25,11,3,9.5,1
93,26,10,4,8.0,1
93,27,10,2,6.6,1
93,28,11,4,5.3,0
93,29,11,4,6.1,0
93,30,11,1,4.8,0
94,1,7,6,10.0,0
94,2,8,9,7.1,1
94,3,10,6,7.5,0
94,4,10,6,10.4,0
94,5,8,6,10.0,0
94,6,10,8,8.6,0
94,7,9,5,7.0,0
94,8,9,5,9.0,1
94,9,8,5,8.5,1
94,10,10,7,5.0,1
94,11,8,4,5.4,1
94,12,10,7,7.9,1
94,13,9,6,9.3,1
94,14,8,6,6.8,1
94,15,10,6,8.7,1
94,16,7,6,5.3,0
94,17,11,6,6.0,1
94,18,12,4,10.0,0
94,19,11,7,7.6,0
94,20,9,5,9.9,0
94,21,9,2,6.9,0
94,22,9,5,7.3,1
94,23,6,8,9.9,1
94,24,7,5,5.7,0
94,25,8,8,6.6,1
94,26,9,5,5.4,0
94,27,13,5,6.8,1
94,28,12,9,8.4,0
94,29,11,6,4.7,1
94,30,8,4,5.6,0
95,1,10,6,9.2,0
95,2,11,6,10.0,0
95,3,11,9,8.5,0
95,4,9,8,6.1,1
95,5,11,5,9.6,1
95,6,10,7,5.4,1
95,7,9,8,7.3,0
95,8,10,6,9.0,0
95,9,9,8,10.3,1
95,10,11,9,6.3,1
95,11,12,6,5.8,1
95,12,8,5,8.0,0
95,13,10,7,8.7,0
95,14,9,8,6.5,0
95,15,12,7,10.3,0
95,16,10,5,7.1,1
95,17,9,8,5.2,1
95,18,9,7,5.2,1
95,19,9,8,10.5,1
95,20,11,6,6.6,0
95,21,11,6,4.8,0
95,22,10,6,9.0,1
95,23,11,8,5.4,1
95,24,11,8,7.8,0
95,25,11,7,8.7,0
95,26,11,5,9.0,1
95,27,9,7,5.9,1
95,28,11,5,7.5,0
95,29,10,8,8.5,0
95,30,11,9,6.5,0
96,1,12,1,6.6,1
96,2,11,2,5.1,0
96,3,13,5,6.7,0
96,4,12,5,10.6,0
96,5,18,3,10.0,0
96,6,10,2,4.6,0
96,7,11,5,9.8,0
96,8,12,4,9.8,0
96,9,12,4,8.3,1
96,10,14,5,7.3,0
96,11,12,3,6.6,0
96,12,15,4,4.6,1
96,13,11,5,4.8,1
96,14,16,1,5.6,1
96,15,16,4,9.6,0
96,16,10,5,9.3,0
96,17,12,5,9.2,0
96,18,12,1,9.3,1
96,19,13,3,10.5,0
96,20,12,3,10.4,1
96,21,12,4,4.7,1
96,22,11,3,7.9,1
96,23,11,4,6.7,0
96,24,16,4,5.1,0
96,25,12,4,8.5,1
96,26,14,5,5.2,0
96,27,11,3,9.8,1
96,28,16,4,5.9,0
96,29,15,6,6.7,0
96,30,14,4,10.1,0
97,1,13,3,8.0,0
97,2,12,4,8.2,0
97,3,13,2,10.4,0
97,4,11,4,6.5,1
97,5,11,3,6.2,1
97,6,12,2,6.6,0
97,7,12,5,6.2,1
97,8,11,3,6.1,0
97,9,12,2,4.8,1
97,10,12,2,7.7,1
97,11,11,5,10.1,0
97,12,12,3,8.1,0
97,13,12,3,6.9,1
97,14,12,5,7.3,0
97,15,11,1,8.0,0
97,16,12,1,6.1,1
97,17,10,3,5.6,1
97,18,12,1,7.4,0
97,19,11,5,8.1,1
97,20,11,5,9.1,1
97,21,11,1,5.9,1
97,22,13,4,10.0,0
97,23,10,2,5.3,0
97,24,12,2,7.3,0
97,25,12,3,6.7,1
97,26,10,1,8.7,1
97,27,11,1,8.2,0
97,28,13,2,9.9,0
97,29,11,4,7.0,1
97,30,10,3,9.4,0
98,1,11,5,9.2,1
98,2,11,8,9.9,0
98,3,11,8,9.8,1
98,4,10,7,5.9,0
98,5,8,6,5.6,0
98,6,13,8,7.3,1
98,7,8,7,10.1,1
98,8,10,5,8.0,1
98,9,13,7,6.4,0
98,10,11,8,9.3,0
98,11,15,7,10.5,0
98,12,11,8,7.7,1
98,13,9,9,6.9,0
98,14,13,8,6.5,0
98,15,15,8,5.8,0
98,16,9,6,9.3,0
98,17,14,7,9.4,1
98,18,11,9,5.4,0
98,19,10,10,9.1,1
98,20,12,8,10.4,0
98,21,11,7,8.1,0
98,22,12,6,9.3,1
98,23,15,5,10.4,0
98,24,10,9,6.4,1
98,25,14,8,8.0,1
98,26,8,7,5.8,1
98,27,12,8,6.3,1
98,28,16,6,9.4,1
98,29,10,7,7.0,1
98,30,14,7,7.5,0
99,1,17,3,6.1,1
99,2,10,4,10.5,1
99,3,14,4,7.0,1
99,4,10,1,8.9,0
99,5,10,2,7.6,1
99,6,13,1,4.9,1
99,7,13,3,6.4,1
99,8,17,3,4.5,0
99,9,13,5,8.3,0
99,10,12,1,5.6,1
99,11,15,3,5.2,0
99,12,14,3,8.5,0
99,13,14,3,10.0,1
99,14,12,5,4.5,1
99,15,12,1,5.8,0
99,16,13,3,8.0,1
99,17,13,0,10.4,1
99,18,12,4,9.8,1
99,19,13,2,7.8,1
99,20,11,2,5.1,0
99,21,16,4,9.7,0
99,22,11,5,6.1,1
99,23,13,2,8.6,1
99,24,15,1,5.3,1
99,25,15,1,10.5,1
99,26,14,2,10.5,0
99,27,11,3,7.4,0
99,28,14,3,4.5,1
99,29,10,2,5.0,0
99,30,12,4,5.7,0
100,1,9,6,8.5,1
100,2,10,5,6.1,0
100,3,12,3,6.6,0
100,4,11,6,7.3,1
100,5,12,3,5.3,0
100,6,12,3,8.4,1
100,7,12,2,5.8,0
100,8,11,6,7.1,0
100,9,10,4,5.2,0
100,10,9,3,5.6,0
100,11,13,7,5.6,0
100,12,7,4,8.3,1
100,13,11,3,9.4,1
100,14,11,4,8.7,1
100,15,11,3,7.1,0
100,16,10,5,8.6,0
100,17,12,4,8.2,1
100,18,10,3,9.0,0
100,19,12,4,4.5,0
100,20,12,3,7.9,0
100,21,9,5,9.2,0
100,22,10,6,6.4,0
100,23,10,2,6.7,0
100,24,11,7,10.5,0
100,25,11,3,8.4,0
100,26,11,4,6.6,0
100,27,11,3,8.3,0
100,28,11,4,7.3,0
100,29,9,4,5.8,0
100,30,10,3,5.0,1
101,1,9,5,10.5,1
101,2,10,7,7.8,0
101,3,9,3,9.7,1
101,4,9,4,6.2,1
101,5,9,5,9.2,0
101,6,10,6,9.3,0
101,7,10,4,7.9,1
101,8,9,4,9.3,1
101,9,9,6,9.3,0
101,10,9,4,4.9,0
101,11,9,4,10.2,1
101,12,10,2,5.2,1
101,13,11,6,8.2,1
101,14,10,3,9.8,0
101,15,9,5,8.8,0
101,16,10,2,5.3,0
101,17,10,3,6.4,0
101,18,10,5,7.7,0
101,19,9,7,6.2,0
101,20,9,3,7.5,1
101,21,8,4,8.2,0
101,22,10,6,6.9,1
101,23,10,5,5.3,0
101,24,10,5,6.6,1
101,25,11,4,7.5,1
101,26,10,4,9.1,0
101,27,10,4,8.4,0
101,28,10,2,5.4,0
101,29,10,4,8.6,0
101,30,9,6,8.6,1
